"Platform","Type","Provider","Name","Rate","Cost","Margin","MinQty","MaxQty","Id","Refill"
"discord","discord-Messages","jap","Discord Messages [40 Daily Messages] [1 Week] [280+ Messages in Total] [Start Time: 0-24 Hours]","105","75","30","1","1","447560dc-469d-47be-8603-18d1d55abbc1","No"
"discord","discord-Members","jap","Discord Server Members [Username] [Start: 0 - 4 Hours] [Speed: 5K/Day]","7.883","5.6307","2.2523","50","20000","615ab663-2d78-43bc-88d9-fee8b47b40d3","No"
"facebook","facebook-🔵Facebook","smmwiz","🔵Facebook - PHOTO/POST  Haha React😁[100%PHILIPPINES🇵🇭] [⚡️Speed:10K/Day] [🎯Instant]🔥FAST🔥","5.292","3.78","1.512","100","1000","261a4c99-eaba-4e05-8823-2781b3942061","No"
"facebook","facebook-🇬🇧UK","jap","🇬🇧UK Traffic from Facebook [Refill: No] [Max: 1M] [Start Time: 12 Hours] [Speed: 10K/Day] 💧","0.245","0.175","0.07","88","88888888","90895d44-0123-4cfe-b313-7427923f5a8a","Yes"
"facebook","facebook-Brazil","smmwiz","Brazil Traffic from Facebook [LQ]","0.238","0.17","0.06799999999999998","88","88888888","79e22cbf-d0ba-491a-9a5c-5c2fb9bbd9f0","No"
"facebook","facebook-Ireland","smmwiz","Ireland Traffic from Facebook","0.56","0.4","0.16000000000000003","500","1000000","c2c1abf6-04c2-48b0-9cd3-f6c864ddbd8e","No"
"facebook","facebook-🇲🇽Mexico","jap","🇲🇽Mexico Traffic from Facebook [No Refill] [Max: 1M] [Start Time: 12 Hours] [Speed: 10K/Day]","0.6125","0.4375","0.17500000000000004","500","1000000","5816d561-be98-44c8-9a1a-e357c5434fcc","Yes"
"facebook","facebook-Japan","smmwiz","Japan Traffic from Facebook [LQ]","0.238","0.17","0.06799999999999998","88","88888888","f911748c-8ab8-4dc4-8145-b965cad55709","No"
"facebook","facebook-Philippines","smmwiz","Philippines Traffic from Facebook","0.56","0.4","0.16000000000000003","500","1000000","28210332-d31d-4555-934d-1d87d9782acb","No"
"facebook","facebook-","smmwiz","3400 - FB Shares [Germany] [50-100/D] [0-6/H]","13.86","9.9","3.959999999999999","10","10000","93716873-5edd-475c-8a8d-d3acdafe238b","No"
"facebook","facebook-UK","smmwiz","UK Traffic from Facebook [LQ]","0.238","0.17","0.06799999999999998","88","88888888","1f82e254-6019-4bac-acde-1bcc61810f51","No"
"facebook","facebook-🇺🇸USA","jap","🇺🇸USA Traffic from Facebook [Refill: No] [Max: 1M] [Start Time: 0 - 12 Hours] [Speed: 10K/Day]💧","0.245","0.175","0.07","88","88888888","a47f63a8-b342-4cb2-bef4-233094242e80","Yes"
"facebook","facebook-South","smmwiz","South Korea Traffic from Facebook [LQ]","0.238","0.17","0.06799999999999998","88","88888888","633a4c4e-7af9-469a-93ed-87f2b22b9779","No"
"facebook","facebook-Comments","smmwiz","Facebook Random Comments [Cancel Enabled] [10-50K/D] [0-1/H]","3.402","2.43","0.972","10","1000000","3789fc1f-0954-467b-b029-c03aebcf22ed","No"
"facebook","facebook-🇲🇦","smmwiz","🇲🇦 Facebook - 𝗣𝗼𝘀𝘁 (𝗘𝗺𝗼𝗷𝗶 𝗖𝗼𝗺𝗺𝗲𝗻𝘁𝘀) - Morocco - Non Drop - 100-200/Day | 30 Days Refill","38.206","27.29","10.916000000000004","50","100000","ca2449f7-ee1f-42aa-8847-f1f4ef2e000e","Yes"
"facebook","facebook-🇳🇬","smmwiz","🇳🇬 Facebook - Post React 𝐋𝐨𝐯𝐞 (❤️) - Nigeria - Non Drop - 200-300/Day | 30 Days Refill","9.632","6.88","2.752","50","10000","336976e0-ad8d-4e15-b29d-6c72dbb75414","Yes"
"facebook","facebook-🇹🇼Taiwan","jap","🇹🇼Taiwan Traffic from Facebook [No Refill] [Max: 1M] [Start Time: 12 Hours] [Speed: 10K/Day]","0.6125","0.4375","0.17500000000000004","500","1000000","5e5e65a6-0968-4764-8ca3-82605b48f62b","Yes"
"facebook","facebook-Finland","smmwiz","Finland Traffic from Facebook","0.56","0.4","0.16000000000000003","500","1000000","d54e856e-c7e7-427d-a206-1ea7bff75ecb","No"
"facebook","facebook-Iran","smmwiz","Iran Traffic from Facebook","0.56","0.4","0.16000000000000003","500","1000000","903efead-c2aa-4a15-8ffe-dfcdccc9cf62","No"
"facebook","facebook-Turkey","smmwiz","Turkey Traffic from Facebook [LQ]","0.238","0.17","0.06799999999999998","88","88888888","e9b0ba90-3548-475b-928d-68b83023cd37","No"
"facebook","facebook-Poland","smmwiz","Poland Traffic from  Facebook","0.56","0.4","0.16000000000000003","500","1000000","390b5f21-2a6c-42cc-b9ca-55cf38234239","No"
"facebook","facebook-🇪🇸Spain","jap","🇪🇸Spain Traffic from Facebook [No Refill] [Max: 1M] [Start Time: 12 Hours] [Speed: 10K/Day]","0.6125","0.4375","0.17500000000000004","500","1000000","1947c088-f8ba-411d-bef2-abf04eb970cb","Yes"
"facebook","facebook-🇺🇦Ukraine","jap","🇺🇦Ukraine Traffic from Facebook [No Refill] [Max: 1M] [Start Time: 12 Hours] [Speed: 10K/Day]","0.6125","0.4375","0.17500000000000004","500","1000000","98fedaed-d534-4a07-966a-23e3f00263d4","Yes"
"facebook","facebook-🇵🇱Poland","jap","🇵🇱Poland Traffic from  Facebook [No Refill] [Max: 1M] [Start Time: 12 Hours] [Speed: 10K/Day]","0.6125","0.4375","0.17500000000000004","500","1000000","91d8e622-845f-46c6-a1b9-25c2c3ed0f65","Yes"
"facebook","facebook-🇮🇳","smmwiz","🇮🇳 FACEBOOK SHARES INDIAN [5K]","22.68","16.2","6.48","5","5000","b6f4d233-f922-4ceb-bcf5-49f4fc4c4909","No"
"facebook","facebook-Allinone","smmwiz","All-in-one Facebook","53.76","38.4","15.36","50","5000","032144a7-19e5-4909-b459-136b827d3513","No"
"facebook","facebook-🇺🇸","jap","🇺🇸 Facebook Comment Like [USA] [Refill: 30D] [Max: 500K] [Start Time: 0-6 Hours] [Speed: 50K/D]💧","2.975","2.125","0.8500000000000001","10","500000","6a39dd7a-94af-41f0-9900-a60603f5a1b4","Yes"
"facebook","facebook-🇪🇬","jap","🇪🇬 Facebook Follower [Profile/Page] [Max: 10K] [Refill: 30 Days] [Start Time: 0 - 24 Hours] [Speed: 5K/Day]","3.5","2.5","1","1000","1000000","074fed95-e34c-4edf-a481-e6aea69f00c5","Yes"
"facebook","facebook-🇷🇺Russia","jap","🇷🇺Russia Traffic from Facebook [No Refill] [Max: 1M] [Start Time: 12 Hours] [Speed: 10K/Day]","0.6125","0.4375","0.17500000000000004","500","1000000","29e9442c-3d57-491c-b5e5-7f5509981070","Yes"
"facebook","facebook-Romania","smmwiz","Romania Traffic from Facebook [LQ]","0.238","0.17","0.06799999999999998","88","88888888","1edf61cd-e42e-4a67-8fe2-7c8c72cb9dc5","No"
"facebook","facebook-Russia","smmwiz","Russia Traffic from Facebook [LQ]","0.238","0.17","0.06799999999999998","88","88888888","cbdf4033-52fd-4e5b-8f85-385cebe2f960","No"
"facebook","facebook-Bangladesh","smmwiz","Bangladesh Traffic from Facebook","0.56","0.4","0.16000000000000003","500","1000000","c5fd6f2f-2c17-40f1-8a71-42c235f74b80","No"
"facebook","facebook-Ukraine","smmwiz","Ukraine Traffic from Facebook","0.56","0.4","0.16000000000000003","500","1000000","37bffa6d-79cb-40fd-8b0b-ec73c7a21436","No"
"facebook","facebook-Singapore","smmwiz","Singapore Traffic from Facebook","0.56","0.4","0.16000000000000003","500","1000000","b5e35355-9b65-4e96-aeb9-f8a6817d6254","No"
"facebook","facebook-Egypt","smmwiz","Egypt Traffic from Facebook","0.56","0.4","0.16000000000000003","500","1000000","c82cc785-4113-4be2-a203-bb5eec351aa8","No"
"facebook","facebook-🇨🇿Czech","jap","🇨🇿Czech Republic Traffic from Facebook [No Refill] [Max: 1M] [Start Time: 12 Hours] [Speed: 10K/Day]","0.6125","0.4375","0.17500000000000004","500","1000000","c93d6115-9992-47a2-9bc1-ef120450858d","Yes"
"facebook","facebook-Facebook","smmwiz","Facebook Post Reaction Like [👍] [World Wide] [High Quality] [Instant]","0.238","0.17","0.06799999999999998","10","250000","82ebe244-da62-4af8-998d-895f06d0d349","No"
"facebook","facebook-🇰🇷","jap","🇰🇷 Facebook Post Reaction [Care] [KOREA] [Max: 150] [Refill: 30 Days] [Start Time: 0 - 6 Hour] [Speed: 150/Day]","15.925","11.375","4.550000000000001","10","150","817af10c-c9e4-47c3-a55e-f32888700f88","Yes"
"facebook","facebook-🇰🇷South","jap","🇰🇷South Korea Traffic from Facebook [Refill: No] [Max: 1M] [Start Time: 12 Hours] [Speed: 10K/Day]","0.245","0.175","0.07","88","88888888","cc4f722f-5469-400a-8763-548aa348bd9c","Yes"
"facebook","facebook-Italy","smmwiz","Italy Traffic from Facebook [LQ]","0.238","0.17","0.06799999999999998","88","88888888","6feef4ca-fdc0-4c84-94e8-d623809fcfdb","No"
"facebook","facebook-Spain","smmwiz","Spain Traffic from Facebook [LQ]","0.238","0.17","0.06799999999999998","88","88888888","1094b06a-2235-436e-b602-f9872ed75f5c","No"
"facebook","facebook-🚨🚨","smmwiz","🚨🚨 Facebook Page Like and Follows [Emergency Fast Server] [High Quality] [30 Days] [𝑭𝒂𝒔𝒕𝒆𝒔𝒕]","2.548","1.82","0.728","50","1000000","92b0009f-0a97-4732-9b4d-f7fb73fce598","No"
"facebook","facebook-🇻🇳","smmwiz","🇻🇳 Facebook - Post 𝐋𝐢𝐤𝐞𝐬 (👍) 𝑴𝒂𝒍𝒆 - Vietnam - Non Drop - 200-300/Day | 30 Days Refill","9.632","6.88","2.752","50","10000","3f9924b5-4896-488f-8072-e8b0df447e47","Yes"
"facebook","facebook-🇮🇹","jap","🇮🇹 Facebook Post Reaction [Care] [ITALY] [Max:500] [Refill: 30 Days] [Start Time: 0 - 6 Hour] [Speed:200/Day]","15.925","11.375","4.550000000000001","10","500","ce919a79-76b8-43f2-8431-a5b5434e8b3a","Yes"
"facebook","facebook-🇹🇷Turkey","jap","🇹🇷Turkey Traffic from Facebook [No Refill] [Max: 1M] [Start Time: 12 Hours] [Speed: 10K/Day]","0.6125","0.4375","0.17500000000000004","500","1000000","1159166c-a879-4bb6-80df-ceeefc2c430d","Yes"
"facebook","facebook-🇲🇾","smmwiz","🇲🇾 Facebook - Post React 𝐒𝐚𝐝 (😢)	 - Malaysia - Non Drop - 200-300/Day | 30 Days Refill","9.632","6.88","2.752","50","10000","012bd535-eaee-48c4-9e34-572a3afe47e8","Yes"
"facebook","facebook-USA","smmwiz","USA Traffic from Facebook [LQ]","0.238","0.17","0.06799999999999998","88","88888888","3c6d8037-d9ac-4e31-a9c8-0f2d4837196c","No"
"facebook","facebook-France","smmwiz","France Traffic from Facebook [LQ]","0.238","0.17","0.06799999999999998","88","88888888","47cf6c33-27b8-4842-8ecb-2b4cf152d994","No"
"facebook","facebook-WorldWide","smmwiz","Worldwide Traffic from Facebook [LQ]","0.238","0.17","0.06799999999999998","88","88888888","c206f48d-85f5-4239-8c56-5abc8a49405f","No"
"facebook","facebook-Colombia","smmwiz","Colombia Traffic from Facebook","0.56","0.4","0.16000000000000003","500","1000000","7014520b-f6d7-4dd3-a963-188519b3bc71","No"
"facebook","facebook-🇵🇭","smmwiz","🇵🇭 Facebook - Post 𝐋𝐢𝐤𝐞𝐬 (👍) 𝐅𝐞𝐦𝐚𝐥𝐞 - Philippines - Non Drop - 200-300/Day | 30 Days Refill","11.004","7.86","3.1439999999999992","50","10000","0b8c7f53-06da-4cfd-bd6d-85a3d57deea2","Yes"
"facebook","facebook-Indonesia","smmwiz","Indonesia Traffic from Facebook","0.56","0.4","0.16000000000000003","500","1000000","30360d9d-68d1-40b1-83f4-6ed525449644","No"
"facebook","facebook-Reels","smmwiz","Facebook  Reels Share - [ 1k/day ] [ 30 Days Refill ] 6-12 HRS","7.056","5.04","2.016","50","300000","0a2ea7ba-64dd-4c03-bc2d-c86ad7a51e70","Yes"
"facebook","facebook-Germany","smmwiz","Germany Traffic from Facebook [LQ]","0.238","0.17","0.06799999999999998","88","88888888","3ae4c3d2-327e-497d-be17-7a75683da906","No"
"facebook","facebook-🇧🇷Brazil","jap","🇧🇷Brazil Traffic from Facebook [Refill: No] [Max: 1M] [Start Time: 12 Hours] [Speed: 10K/Day]","0.245","0.175","0.07","88","88888888","39cadf1c-6f18-47a7-a346-f310d0335840","Yes"
"facebook","facebook-🇦🇪","smmwiz","🇦🇪 Facebook - 𝐂𝐨𝐦𝐦𝐞𝐧𝐭 𝐋𝐢𝐤𝐞 (👍👍👍) - United Arab Emirates - Non Drop - 200-300/Day | 30 Days Refill","11.004","7.86","3.1439999999999992","50","10000","0a7ea02d-2877-48c5-9485-e9839c4ad36e","Yes"
"facebook","facebook-Likes","smmwiz","Facebook Post Likes [High Quality] [Real] [50-100K/D] [0-1/H] [Different Service]","0.378","0.27","0.10799999999999998","20","500000","93feef13-3dc7-4442-a778-1f1692f1a692","No"
"facebook","facebook-Mexico","smmwiz","Mexico Traffic from Facebook","0.56","0.4","0.16000000000000003","500","1000000","a9dbea6f-d8d6-48a1-9746-2d7dd75c09d1","No"
"facebook","facebook-🇨🇦","smmwiz","🇨🇦 Facebook - Post React 𝐋𝐨𝐯𝐞 (❤️) - Canada - Non Drop - 200-300/Day | 30 Days Refill","8.134","5.81","2.3240000000000007","50","10000","02537eee-3b7a-4fde-966c-3aa30a9ae47a","Yes"
"facebook","facebook-🇧🇷","jap","🇧🇷 Facebook Post Reactions [WoW😲]  [Max: 500] [Refill: 15D] [Start Time: 0 - 2 Hrs] [Speed: 500/D]","5.25","3.75","1.5","25","3000","bb898823-74dd-42e3-b7c3-84a6d7948afc","Yes"
"facebook","facebook-🇮🇳India","jap","🇮🇳India Traffic from Facebook [Refill: No] [Max: 1M] [Start Time: 12 Hours] [Speed: 10K/Day]","0.245","0.175","0.07","88","88888888","804ff667-fd66-4b5d-a1db-ff11ad9e3e13","Yes"
"facebook","facebook-Netherlands","smmwiz","Netherlands Traffic from Facebook [LQ]","0.238","0.17","0.06799999999999998","88","88888888","f5ecfc38-552d-4034-8732-1c926b7fbb76","No"
"facebook","facebook-🇳🇱Netherlands","jap","🇳🇱Netherlands Traffic from Facebook [No Refill] [Max: 1M] [Start Time: 12 Hours] [Speed: 10K/Day]","0.6125","0.4375","0.17500000000000004","500","1000000","7e54ea13-dc73-4e42-b433-784502f9b956","Yes"
"facebook","facebook-🇩🇪","smmwiz","🇩🇪 Facebook Share [GERMANY] [REAL] [NON DROP] [Start Time: 0-24 Hours]","11.466","8.19","3.276","10","2000","daa0a275-dfb9-4fbf-bc79-6699235bffbe","No"
"facebook","facebook-Argentina","smmwiz","Argentina Traffic from Facebook","0.56","0.4","0.16000000000000003","500","1000000","da235b45-03ce-46a1-9697-b6f814041823","No"
"facebook","facebook-Moldova","smmwiz","Moldova Traffic from Facebook","0.77","0.55","0.21999999999999997","1000","1000000","bc33ecbc-f441-4b94-b354-0b96dc010c29","No"
"facebook","facebook-🇻🇳Vietnam","jap","🇻🇳Vietnam Traffic from Facebook [No Refill] [Max: 1M] [Start Time: 12 Hours] [Speed: 10K/Day]","0.6125","0.4375","0.17500000000000004","500","1000000","c36796a5-07e7-466d-bd20-6f8a29c43045","Yes"
"facebook","facebook-Australia","smmwiz","Australia Traffic from Facebook","0.56","0.4","0.16000000000000003","500","1000000","56150d93-7fcc-4aca-a4ce-6b90c4eecdf2","No"
"facebook","facebook-🇺🇸Facebook","jap","🇺🇸Facebook Post Reaction [Angry] [USA] [Max: 3K] [Refill: 30 Days] [Start Time: 0 - 1 Hour] [Speed: 300/Day]","18.0908","12.922","5.168800000000001","10","3000","564ac546-f220-458a-b7e5-6a794a09ebfb","Yes"
"facebook","facebook-🇸🇬Singapore","jap","🇸🇬Singapore Traffic from Facebook [No Refill] [Max: 1M] [Start Time: 12 Hours] [Speed: 10K/Day]","0.6125","0.4375","0.17500000000000004","500","1000000","77dc030a-d594-447b-8214-1ba6056d476a","Yes"
"facebook","facebook-India","smmwiz","India Traffic from Facebook [LQ]","0.238","0.17","0.06799999999999998","88","88888888","0d904b27-95a7-427b-88da-ac2df1358af7","No"
"facebook","facebook-Followers","smmwiz","Facebook Page Likes and Followers [High Quality] [Almost No Drop] [Instant]","0.378","0.27","0.10799999999999998","100","100000","e0be3630-7e4b-4a98-9061-58999f4f0cba","No"
"facebook","facebook-Plays","jap","Facebook Video Plays [Max: 100M] [Start Time: 0-1 Hr] [Speed: Up to 50K/D] 💧","0.0972","0.0694","0.02779999999999999","500","100000000","780a2cfc-3404-408f-bd26-a867c92da049","No"
"facebook","facebook-Vietnam","smmwiz","Vietnam Traffic from Facebook [LQ]","0.238","0.17","0.06799999999999998","88","88888888","efac9087-db5f-49ae-9503-860e1e3f6efd","No"
"facebook","facebook-Website","jap","Website Traffic From Facebook [WW] [Refill: No] [Max: 1M] [Start Time: 0 - 12 Hours] [Speed: 50K/Day] 💧","0.245","0.175","0.07","88","88888888","c81864d5-e985-4e85-bb7f-1c0d3d1ad073","Yes"
"facebook","facebook-Czech","smmwiz","Czech Republic Traffic from Facebook [LQ]","0.238","0.17","0.06799999999999998","88","88888888","8777c423-52db-4e4e-8cea-e2e5a753867f","No"
"facebook","facebook-🇨🇦Canada","jap","🇨🇦Canada Traffic from Facebook [No Refill] [Max: 1M] [Start Time: 12 Hours] [Speed: 10K/Day]","0.6125","0.4375","0.17500000000000004","500","1000000","47ef925c-2194-4b60-a71e-c57df41cf7c8","Yes"
"facebook","facebook-🇬🇧","smmwiz","🇬🇧 Facebook - 𝐄𝐯𝐞𝐧𝐭 𝐉𝐨𝐢𝐧 (𝐆𝐨𝐢𝐧𝐠) - United kingdom - Non Drop - 200-300/Day | 30 Days Refill","16.31","11.65","4.659999999999998","50","10000","4aad3e99-8d89-49ed-b1ed-56362f5df738","Yes"
"facebook","facebook-🇹🇭Thailand","jap","🇹🇭Thailand Traffic from Facebook [No Refill] [Max: 1M] [Start Time: 12 Hours] [Speed: 10K/Day]","0.6125","0.4375","0.17500000000000004","500","1000000","fc93326a-cdf5-4032-897a-098b211b2565","Yes"
"facebook","facebook-Social","jap","Social Signals [Facebook] [Max: 500K] [Start Time: 0 - 1 Hour] [Speed: 10K/Day]","1.82","1.3","0.52","1000","500000","cb407f84-a431-4915-8b4e-433a291ba1cd","No"
"facebook","facebook-Portugal","smmwiz","Portugal Traffic from Facebook","0.56","0.4","0.16000000000000003","500","1000000","cdd77f45-83b8-4db0-bf7d-7303e90b11b0","No"
"facebook","facebook-🇯🇵Japan","jap","🇯🇵Japan Traffic from Facebook [Refill: No] [Max: 1M] [Start Time: 12 Hours] [Speed: 10K/Day]","0.6125","0.4375","0.17500000000000004","500","1000000","3464d947-aae3-4136-900d-e901ecf61563","Yes"
"facebook","facebook-Thailand","smmwiz","Thailand Traffic from Facebook [LQ]","0.238","0.17","0.06799999999999998","88","88888888","1aeefecd-542a-4710-9349-d1e30f6d9551","No"
"facebook","facebook-Canada","smmwiz","Canada Traffic from Facebook [LQ]","0.238","0.17","0.06799999999999998","88","88888888","f2da770c-4689-462d-a026-45a924a1bab2","No"
"facebook","facebook-Taiwan","smmwiz","Taiwan Traffic from Facebook","0.238","0.17","0.06799999999999998","88","88888888","28999526-c463-4768-90b0-a1431529ae79","No"
"facebook","facebook-Views","jap","Facebook Reels Views [Max: 100M] [Start Time: 0-1 Hr] [Speed: Up to 5K/D] 💧","0.0088","0.0063","0.0025000000000000005","100","2147483647","819db440-6131-4dbd-b9c9-c0a301107c32","No"
"facebook","facebook-Hong","smmwiz","Hong Kong Traffic from Facebook","0.56","0.4","0.16000000000000003","500","1000000","83f018b0-679a-419f-a8ac-89423a57277d","No"
"facebook","facebook-Sweden","smmwiz","Sweden Traffic from Facebook","0.77","0.55","0.21999999999999997","1000","1000000","01d17d34-89b5-439e-8651-0c2b7261a1e0","No"
"facebook","facebook-🇫🇷","smmwiz","🇫🇷 Facebook - Post React 𝐋𝐨𝐯𝐞 (❤️) - France - Non Drop - 200-300/Day | 30 Days Refill","10.85","7.75","3.0999999999999996","20","10000","fa872351-fa3e-4fee-b671-b4f1dee49667","Yes"
"facebook","facebook-🇫🇷France","jap","🇫🇷France Traffic from Facebook [No Refill] [Max: 1M] [Start Time: 12 Hours] [Speed: 10K/Day]","0.35","0.25","0.09999999999999998","100","1000000","db1cd578-90fc-44e3-ab1d-369710b2e632","Yes"
"facebook","facebook-Members","jap","Facebook Group Members [HQ] [Refill: 30D] [Max: 1M] [Start Time: 0 - 1 Hr] [Speed: Up to 50K/D]","0.5012","0.358","0.1432","500","1000000","c581e72a-67c4-4b36-a332-e93da7c2d87b","Yes"
"facebook","facebook-Israel","smmwiz","Israel Traffic from Facebook","0.56","0.4","0.16000000000000003","500","1000000","b87d5c66-1137-4a3e-807e-a52be78f80c3","No"
"facebook","facebook-🇮🇩Indonesia","jap","🇮🇩Indonesia Traffic from Facebook [Refill: No] [Max: 1M] [Start Time: 12 Hours] [Speed: 10K/Day]","0.35","0.25","0.09999999999999998","100","1000000","7bba4dd5-1b69-46d1-b99a-9f451926f8a1","Yes"
"facebook","facebook-🇮🇹Italy","jap","🇮🇹Italy Traffic from Facebook [No Refill] [Max: 1M] [Start Time: 12 Hours] [Speed: 10K/Day]","0.665","0.475","0.19000000000000006","500","1000000","9940520c-daaf-43b6-8b03-96bfe94cd35f","Yes"
"facebook","facebook-🇹🇼","jap","🇹🇼 Facebook Profile Follower [TAIWAN] [Max: 350] [Refill: 30 Days] [Start Time: 1-12 Hour] [Speed: 50-100/Day]","15.925","11.375","4.550000000000001","10","1000","1a45119a-fe5b-4aa0-98e8-69656cb0bab1","Yes"
"facebook","facebook-🇹🇭","smmwiz","🇹🇭 Facebook Thailand Post Love Reaction ❤️ [High Quality + Real] [5K/D] [Instant]","1.932","1.38","0.552","10","100000","7b9f711c-a8c5-43f5-89de-fde94f67fa3c","No"
"facebook","facebook-🇩🇪Germany","jap","🇩🇪Germany Traffic from Facebook [No Refill] [Max: 1M] [Start Time: 12 Hours] [Speed: 10K/Day]","0.245","0.175","0.07","88","88888888","61ff69f5-f356-4712-a3c4-b163213e4123","Yes"
"facebook","facebook-🇯🇵","smmwiz","🇯🇵 Facebook - Post React 𝐋𝐨𝐯𝐞 (❤️) - Japan - Non Drop - 200-300/Day | 30 Days Refill","9.562","6.83","2.7319999999999993","50","10000","88e6eb65-43d9-4e07-b1df-a2187daa8bee","Yes"
"facebook","facebook-Pakistan","smmwiz","Pakistan Traffic from Facebook [LQ]","0.238","0.17","0.06799999999999998","88","88888888","38fb485c-97f1-42c8-8337-b1ada98403c6","No"
"facebook","facebook-Switzerland","smmwiz","Switzerland Traffic from Facebook","0.882","0.63","0.252","1000","1000000","56c3c3fa-08eb-4beb-aaaf-c84e7d6a1978","No"
"instagram","instagram-🇷🇺Russia","jap","🇷🇺Russia Traffic from Instagram [No Refill] [Max: 1M] [Start Time: 12 Hours] [Speed: 10K/Day]","0.6125","0.4375","0.17500000000000004","500","1000000","19cb488d-585d-4c0d-aa4b-1640cf45a1e8","Yes"
"instagram","instagram-Ukraine","smmwiz","Ukraine Traffic from Instagram","0.56","0.4","0.16000000000000003","500","1000000","cba33d7a-1809-4853-a2f5-6becbc407296","No"
"instagram","instagram-Promo","jap","Promo Pack [8-12 Comments + 4-6 Followers + 20-25 Post Likes] [Start Time: 2 Hours] [Speed: 24 Hours Delivery]","9.6012","6.858","2.7432000000000007","1000","1000","09e6727e-73de-4ac7-8b9d-ab7fcc80bcbe","No"
"instagram","instagram-💙🇮🇶","smmwiz","💙🇮🇶 IRAQ Mix Instagram Like HQ 1K (Mobil App)","1.218","0.87","0.348","50","1000","77a12855-1e75-4590-8e32-8d86009a6eed","No"
"instagram","instagram-Website","jap","Website Traffic From Instagram [WW] [Refill: No] [Max: 1M] [Start Time: 0 - 12 Hour] [Speed: 50K/Day] 💧","0.245","0.175","0.07","88","88888888","c76bc05c-4299-4b90-9160-c503c61ff624","Yes"
"instagram","instagram-🇧🇷❤️","smmwiz","🇧🇷❤️ Brazil Instagram Like HQ 5K (Mobil App)","0.798","0.57","0.2280000000000001","20","5000","63c5d3da-8276-4f36-99ba-9c464f10af81","No"
"instagram","instagram-🇪🇬❤️","smmwiz","🇪🇬❤️ Egyptian Instagram Like HQ 5K","1.344","0.96","0.3840000000000001","50","5000","5470498d-1c00-4127-a2e5-5d3c889641d4","No"
"instagram","instagram-Instagram","smmwiz","Instagram Shares - [ FASTEST ] SUPER INSTANT","0.014","0.01","0.004","100","1000000","d14af168-3d02-4e48-8aaa-ff89ce599117","No"
"instagram","instagram-🇲🇽Mexico","jap","🇲🇽Mexico Traffic from Instagram [No Refill] [Max: 1M] [Start Time: 12 Hours] [Speed: 10K/Day]","0.6125","0.4375","0.17500000000000004","500","1000000","11922aef-7b87-41fe-beab-26f43f51824e","Yes"
"instagram","instagram-Likes","smmwiz","Instagram Likes - [ SUPERFAST, 500k/day ] [ Max - 500k ] INSTANT","0.056","0.04","0.016","10","500000","37d08130-0814-49e7-b07e-40f52f92b91f","No"
"instagram","instagram-Thailand","smmwiz","Thailand Traffic from Instagram [LQ]","0.238","0.17","0.06799999999999998","88","88888888","b38a8fcb-6190-4da9-8f2c-4b2e4e4e0435","No"
"instagram","instagram-Philippines","smmwiz","Philippines Traffic from Instagram","0.56","0.4","0.16000000000000003","500","1000000","cd143482-cae3-4118-a271-78dab2e6af2f","No"
"instagram","instagram-Ireland","smmwiz","Ireland Traffic from Instagram","0.56","0.4","0.16000000000000003","500","1000000","5dda74f8-b173-4b5b-8c17-a1f05f75a04b","No"
"instagram","instagram-Poland","smmwiz","Poland Traffic from  Instagram","0.56","0.4","0.16000000000000003","500","1000000","aca5d5bf-5ddb-4c3b-ba14-718205de22d1","No"
"instagram","instagram-🇮🇹Italy","jap","🇮🇹Italy Traffic from Instagram [No Refill] [Max: 1M] [Start Time: 12 Hours] [Speed: 10K/Day]","0.665","0.475","0.19000000000000006","500","1000000","1fc36ab0-8d58-4501-b4c0-c6ecc0dd3b82","Yes"
"instagram","instagram-Reels","smmwiz","Instagram Shares Reels with check","0.224","0.16","0.064","20","1000000","8aa5c321-4a63-46a8-b848-634bb025d4ff","No"
"instagram","instagram-","smmwiz","935 - Instagram All Link View [100M] [Instant Superfast]","0.07","0.05","0.020000000000000004","100","2147483647","32aaf20e-dfc6-4c92-8b42-f26695a9755c","No"
"instagram","instagram-Months","jap","3-Months Backlink [Dofollow] [In Website&amp;#039;s Entire Pages] [Instagram-Telegram-YouTube-Facebook-Twitter][Speed 2-7 Days] - Level 1","18.9","13.5","5.399999999999999","1","1","f224c879-40ce-402d-b04d-7af2281dbacd","No"
"instagram","instagram-Brazil","smmwiz","Brazil Traffic from Instagram [LQ]","0.238","0.17","0.06799999999999998","88","88888888","4b3d60f8-e65a-4395-bdae-ad1719039bbb","No"
"instagram","instagram-🇨🇦Canada","jap","🇨🇦Canada Traffic from Instagram [No Refill] [Max: 1M] [Start Time: 12 Hours] [Speed: 10K/Day]","0.6125","0.4375","0.17500000000000004","500","1000000","87772672-f9e2-4236-bb3d-9dffb270ef79","Yes"
"instagram","instagram-Canada","smmwiz","Canada Traffic from Instagram [LQ]","0.238","0.17","0.06799999999999998","88","88888888","687d10e9-f467-4fc5-a68c-340581227695","No"
"instagram","instagram-Pakistan","smmwiz","Pakistan Traffic from Instagram [LQ]","0.238","0.17","0.06799999999999998","88","88888888","8f68ac8a-0f24-4f1d-809e-30aeffce12f7","No"
"instagram","instagram-Russia","smmwiz","Russia Traffic from Instagram [LQ]","0.238","0.17","0.06799999999999998","88","88888888","ca098790-cb13-4846-b225-81fc607f62ce","No"
"instagram","instagram-Argentina","smmwiz","Argentina Traffic from Instagram","0.56","0.4","0.16000000000000003","500","1000000","b8bd7e73-9a8a-4e9b-ad52-261f16d8d562","No"
"instagram","instagram-🇫🇷France","jap","🇫🇷France Traffic from Instagram [No Refill] [Max: 1M] [Start Time: 12 Hours] [Speed: 10K/Day]","0.35","0.25","0.09999999999999998","100","1000000","44ee0ca3-8344-4078-a4be-d8bd92397e04","Yes"
"instagram","instagram-Egypt","smmwiz","Egypt Traffic from Instagram","0.56","0.4","0.16000000000000003","500","1000000","394ccad1-48e0-4df2-8fe9-3d890c9e8d55","No"
"instagram","instagram-Auto","smmwiz","Auto 12322","0.644","0.46","0.184","20","10000","43990328-1c6a-4589-b09c-9eda7505ffb9","No"
"instagram","instagram-🇮🇩Indonesia","jap","🇮🇩Indonesia Traffic from Instagram [Refill: No] [Max: 1M] [Start Time: 12 Hours] [Speed: 10K/Day]","0.35","0.25","0.09999999999999998","100","1000000","377f752e-80dc-41e3-bc51-019ff6f6a450","Yes"
"instagram","instagram-UK","smmwiz","UK Traffic from Instagram [LQ]","0.238","0.17","0.06799999999999998","88","88888888","f26499c6-c254-4a7a-b645-aa48eb7ccda8","No"
"instagram","instagram-Allinone","smmwiz","All-in-one Instagram (without Reels)","38.64","27.6","11.04","50","5000","0da52ad6-a068-44fc-854b-efb4bb7db195","No"
"instagram","instagram-Romania","smmwiz","Romania Traffic from Instagram [LQ]","0.238","0.17","0.06799999999999998","88","88888888","26671378-6e29-4e3e-9972-e09dddb18e36","No"
"instagram","instagram-🇪🇺🇺🇸","smmwiz","🇪🇺🇺🇸 Instagram EU-USA Like | 90 Days Refill♻️ | %100 EU-USA Users 🇪🇺🇺🇸 | 5K Per Hour","2.184","1.56","0.6240000000000001","20","100000","a1260051-e5d8-48bf-afb1-cf34e429cfca","Yes"
"instagram","instagram-Month","jap","1-Month Backlink [Dofollow] [In Website&amp;#039;s Entire Pages] [Instagram-Telegram-YouTube-Facebook-Twitter] [Speed 2-7 Days] - Level 1","7","5","2","1","1","363bfe17-8e1e-40f4-83de-703ad00aed86","No"
"instagram","instagram-🇪🇬","smmwiz","🇪🇬 💙Egyptian Instagram Like HQ 1K","1.092","0.78","0.31200000000000006","50","1000","ac881873-7e3c-480d-aae0-2e93ef782ede","No"
"instagram","instagram-🇧🇷Brazil","jap","🇧🇷Brazil Traffic from Instagram [Refill: No] [Max: 1M] [Start Time: 12 Hours] [Speed: 10K/Day]","0.245","0.175","0.07","88","88888888","32fd492c-17bd-4d60-a6ba-4c54421f56c9","Yes"
"instagram","instagram-🇺🇸USA","jap","🇺🇸USA Traffic from Instagram [Refill: No] [Max: 1M] [Start Time: 0 - 12 Hours] [Speed: 10K/Day] 💧","0.245","0.175","0.07","88","88888888","77f3690b-5cfe-4ceb-a246-be7d8fb339cd","Yes"
"instagram","instagram-🇹🇭Thailand","jap","🇹🇭Thailand Traffic from Instagram [No Refill] [Max: 1M] [Start Time: 12 Hours] [Speed: 10K/Day]","0.6125","0.4375","0.17500000000000004","500","1000000","8e2c0bea-3e47-473c-86d3-ca1993f07d55","Yes"
"instagram","instagram-🇺🇸","jap","🇺🇸 Instagram Auto REPOST [Max: 100K] [Start Time: 0 -1 Hr] [Speed: Up to 50K/D]💧⛔","13.825","9.875","3.9499999999999993","10","100000","2ae89361-7f0d-451a-af6e-586dc432a90b","No"
"instagram","instagram-Comments","smmwiz","Instagram Comments | 3 Comments | MQ | Random | Emojis | Fast","0.126","0.09","0.036000000000000004","1000","1000","ffe5e007-22de-4cd7-b60b-e71605f53962","No"
"instagram","instagram-🇩🇪Germany","jap","🇩🇪Germany Traffic from Instagram [No Refill] [Max: 1M] [Start Time: 12 Hours] [Speed: 10K/Day]","0.245","0.175","0.07","88","88888888","6a4cb843-1fe4-432b-b555-1a2793dbf78a","Yes"
"instagram","instagram-Australia","smmwiz","Australia Traffic from Instagram","0.56","0.4","0.16000000000000003","500","1000000","e2db5f3c-9b27-46a2-94aa-5a8e4f2039ae","No"
"instagram","instagram-India","smmwiz","India Traffic from Instagram [LQ]","0.238","0.17","0.06799999999999998","88","88888888","f9de2860-d794-4a9f-bc20-ce4796eb2a1b","No"
"instagram","instagram-Mexico","smmwiz","Mexico Traffic from Instagram","0.56","0.4","0.16000000000000003","500","1000000","43fed676-c1dd-412a-8a87-331aed95971b","No"
"instagram","instagram-USA","smmwiz","USA Traffic from Instagram [LQ]","0.238","0.17","0.06799999999999998","88","88888888","507c995e-ccac-4693-8e47-fda98eafed32","No"
"instagram","instagram-🇬🇧","jap","🇬🇧 Instagram REPOST [Max: 100K] [Start Time: 0 -1 Hr] [Speed: Up to 50K/D]💧⛔","13.825","9.875","3.9499999999999993","10","100000","e5a456e2-b5ee-4744-bc34-dc0bb237b5bb","No"
"instagram","instagram-Vietnam","smmwiz","Vietnam Traffic from Instagram [LQ]","0.238","0.17","0.06799999999999998","88","88888888","ad4124a6-3602-4712-bca0-1751fb5b6335","No"
"instagram","instagram-Bangladesh","smmwiz","Bangladesh Traffic from Instagram","0.56","0.4","0.16000000000000003","500","1000000","daee94ad-aee0-4b27-9178-3240fca6f152","No"
"instagram","instagram-Sweden","smmwiz","Sweden Traffic from Instagram","0.77","0.55","0.21999999999999997","1000","1000000","e63cba96-83ca-4c06-9a2a-93610600c85e","No"
"instagram","instagram-🇯🇵Japan","jap","🇯🇵Japan Traffic from Instagram [Refill: No] [Max: 1M] [Start Time: 12 Hours] [Speed: 10K/Day]","0.6125","0.4375","0.17500000000000004","500","1000000","6ff913e1-abc5-42ca-baa0-e6f4fa8f2979","Yes"
"instagram","instagram-Israel","smmwiz","Israel Traffic from Instagram","0.56","0.4","0.16000000000000003","500","1000000","93cd1c29-702a-4f0d-8c0e-8f15863b62e2","No"
"instagram","instagram-Turkey","smmwiz","Turkey Traffic from Instagram [LQ]","0.238","0.17","0.06799999999999998","88","88888888","ef00e78b-d675-4923-a1ce-b9ecd0dd93c9","No"
"instagram","instagram-🇪🇸","jap","🇪🇸 Instagram REPOST [Max: 100K] [Start Time: 0 -1 Hr] [Speed: Up to 50K/D]💧⛔","13.825","9.875","3.9499999999999993","10","100000","425c38d9-7e17-4121-bcbd-0a7b9df8bfd8","No"
"instagram","instagram-Finland","smmwiz","Finland Traffic from Instagram","0.56","0.4","0.16000000000000003","500","1000000","231049d2-6001-4c9c-b14d-8c6da8994f25","No"
"instagram","instagram-Portugal","smmwiz","Portugal Traffic from Instagram","0.56","0.4","0.16000000000000003","500","1000000","118fae70-b4ce-4227-b131-c3fdcf93e971","No"
"instagram","instagram-🇺🇸Instagram","jap","🇺🇸Instagram Subscription [USA] [15 Days] [100 Followers] [100 Likes/Comments/Views/Saves on Each Post] [Start Time: Instant] [Speed: 100/Day - 15 Days]","51.87","37.05","14.82","1","1","f0225e8e-e422-4610-b799-174a67eeb675","No"
"instagram","instagram-Engagement","smmwiz","Instagram Shares + Engagement","0.112","0.08","0.032","100","10000000","a26e400a-4e7d-4de9-9cd9-6304c716fda8","No"
"instagram","instagram-Iran","smmwiz","Iran Traffic from Instagram","0.56","0.4","0.16000000000000003","500","1000000","5aa82326-4071-42b5-9c59-7ef8f18772cd","No"
"instagram","instagram-🇸🇦","jap","🇸🇦 Arab Instagram Growth Package [50] [30 Days]","84","60","24","1","1","eb65e3b0-c575-4e43-92bc-7f83a18d7172","No"
"instagram","instagram-France","smmwiz","France Traffic from Instagram [LQ]","0.238","0.17","0.06799999999999998","88","88888888","f7f44d0d-75a8-4331-aae9-b74853e459b7","No"
"instagram","instagram-🇸🇬Singapore","jap","🇸🇬Singapore Traffic from Instagram [No Refill] [Max: 1M] [Start Time: 12 Hours] [Speed: 10K/Day]","0.6125","0.4375","0.17500000000000004","500","1000000","dc8b249c-66cb-4d35-aad9-f4ea8928b35a","Yes"
"instagram","instagram-Germany","smmwiz","Germany Traffic from Instagram [LQ]","0.238","0.17","0.06799999999999998","88","88888888","6427783c-25df-4294-bd54-0cd219db434b","No"
"instagram","instagram-Netherlands","smmwiz","Netherlands Traffic from Instagram [LQ]","0.238","0.17","0.06799999999999998","88","88888888","3f78e62c-a9a5-4e2e-9121-bc288642dfc4","No"
"instagram","instagram-🇹🇼Taiwan","jap","🇹🇼Taiwan Traffic from Instagram [No Refill] [Max: 1M] [Start Time: 12 Hours] [Speed: 10K/Day]","0.6125","0.4375","0.17500000000000004","500","1000000","9725f099-d265-4d98-a91f-ec5f0bdbc004","Yes"
"instagram","instagram-🇧🇷💙Brazil","smmwiz","🇧🇷💙Brazil Instagram Like HQ 1K (Mobil App)","0.546","0.39","0.15600000000000003","50","1000","2e4d2546-3afb-47be-a89a-64f33370cdcc","No"
"instagram","instagram-🇬🇧UK","jap","🇬🇧UK Traffic from Instagram [Refill: No] [Max: 1M] [Start Time: 12 Hours] [Speed: 10K/Day] 💧","0.245","0.175","0.07","88","88888888","8ec388bd-ee48-4f66-a0bb-e6001ff02259","Yes"
"instagram","instagram-Followers","smmwiz","Instagram Followers [All Flag Types] [High Quality + Real] [Low Drop] [20-50K/D] [0-1/H]","0.378","0.27","0.10799999999999998","100","100000","50d986aa-2846-452d-aee2-fa8e3e2c4d41","No"
"instagram","instagram-🇰🇷South","jap","🇰🇷South Korea Traffic from Instagram [Refill: No] [Max: 1M] [Start Time: 12 Hours] [Speed: 10K/Day]","0.245","0.175","0.07","88","88888888","eabb5360-0d8c-4d28-a56d-4c838e4c03c2","Yes"
"instagram","instagram-🇻🇳Vietnam","jap","🇻🇳Vietnam Traffic from Instagram [No Refill] [Max: 1M] [Start Time: 12 Hours] [Speed: 10K/Day]","0.6125","0.4375","0.17500000000000004","500","1000000","ef9294bd-39d4-4762-b666-2c8ed671c50d","Yes"
"instagram","instagram-🇵🇱Poland","jap","🇵🇱Poland Traffic from  Instagram [No Refill] [Max: 1M] [Start Time: 12 Hours] [Speed: 10K/Day]","0.6125","0.4375","0.17500000000000004","500","1000000","e30ed0e1-4bca-4021-8b75-7b228f4a5011","Yes"
"instagram","instagram-South","smmwiz","South Korea Traffic from Instagram [LQ]","0.238","0.17","0.06799999999999998","88","88888888","813616b9-70ba-4ae0-9ff4-350eecc8c4a4","No"
"instagram","instagram-Micro","jap","Micro Pack [30-35 Comments + 11-13 Followers + 55-65 Post Likes] [Start Time: 2 Hours] [Speed: 24 Hours Delivery]","24.407","17.4336","6.973400000000002","1000","1000","a9acf801-c72e-43af-a31d-bf41e30c1858","No"
"instagram","instagram-Switzerland","smmwiz","Switzerland Traffic from Instagram","0.882","0.63","0.252","1000","1000000","424963ba-0862-4289-ba14-0ab179ae52d6","No"
"instagram","instagram-🇳🇱Netherlands","jap","🇳🇱Netherlands Traffic from Instagram [No Refill] [Max: 1M] [Start Time: 12 Hours] [Speed: 10K/Day]","0.6125","0.4375","0.17500000000000004","500","1000000","15dc6f5a-2262-42fb-9a2c-947deec6bca1","Yes"
"instagram","instagram-💙Pakistan","smmwiz","💙Pakistan Mix Instagram Like HQ 1K (Mobil App)","0.686","0.49","0.19600000000000006","50","1000","1ce8e2f7-c9d6-48c6-918c-4e2bf4d44286","No"
"instagram","instagram-Italy","smmwiz","Italy Traffic from Instagram [LQ]","0.238","0.17","0.06799999999999998","88","88888888","f5739ee9-3ed0-4f0d-86cc-356aadbe86e6","No"
"instagram","instagram-Threads","jap","Threads Shares [Real] [NO DROP] [Max: 20k] [Start Time: 0-3 Hours] [Speed: Up to 2k/Day]","5.6","4","1.5999999999999996","10","20000","f9f77c12-ca86-4b4f-a666-3a3ab906a5a5","No"
"instagram","instagram-Spain","smmwiz","Spain Traffic from Instagram [LQ]","0.238","0.17","0.06799999999999998","88","88888888","3fe6ee5e-d044-4540-9f4f-0afdf8d70f44","No"
"instagram","instagram-🇨🇿Czech","jap","🇨🇿Czech Republic Traffic from Instagram [No Refill] [Max: 1M] [Start Time: 12 Hours] [Speed: 10K/Day]","0.6125","0.4375","0.17500000000000004","500","1000000","de40ed1f-64b3-4023-86cd-3a614605a601","Yes"
"instagram","instagram-🇹🇷Turkey","jap","🇹🇷Turkey Traffic from Instagram [No Refill] [Max: 1M] [Start Time: 12 Hours] [Speed: 10K/Day]","0.6125","0.4375","0.17500000000000004","500","1000000","5147f16d-8b35-4eb1-90fe-2ed707eb46b1","Yes"
"instagram","instagram-Singapore","smmwiz","Singapore Traffic from Instagram","0.56","0.4","0.16000000000000003","500","1000000","e8b59564-a4cd-4282-97a5-d3521fb3b165","No"
"instagram","instagram-Starter","jap","Starter Pack [15-20 Comments + 7-10 Followers + 35-45 Post Likes] [Start Time: 2 Hours] [Speed: 24 Hours Delivery]","13.335","9.525","3.8100000000000005","1000","1000","801c59dc-829b-4d0b-bd8b-a5426c41d479","No"
"instagram","instagram-Impressions","jap","Instagram Reel Impressions + Reach + Profile Visits [Max: 25K]","0.0059","0.0042","0.0017000000000000001","100","30000000","f4f64c0e-bc57-45b7-a3bc-4b5a426a505b","No"
"instagram","instagram-🇺🇦Ukraine","jap","🇺🇦Ukraine Traffic from Instagram [No Refill] [Max: 1M] [Start Time: 12 Hours] [Speed: 10K/Day]","0.6125","0.4375","0.17500000000000004","500","1000000","8df22458-4da7-4baf-81b2-d21c104df559","Yes"
"instagram","instagram-Moldova","smmwiz","Moldova Traffic from Instagram","0.77","0.55","0.21999999999999997","1000","1000000","3d9f3e00-df62-4bb3-a3c8-8c0a80485908","No"
"instagram","instagram-Views","jap","Instagram Views [Max: 10M] [Start Time: 0-1 Hour] [Speed: 200K/D]","0.0017","0.0012","0.0005","100","5000000","207e5ff9-822a-4936-94ad-f2c1d852c28f","No"
"instagram","instagram-Hong","smmwiz","Hong Kong Traffic from Instagram","0.56","0.4","0.16000000000000003","500","1000000","bf106067-cc1e-499b-af9d-84bcb7d0b6c8","No"
"instagram","instagram-🇷🇺Instagram","jap","🇷🇺Instagram Comment [RANDOM RUSSIAN] [NON-DROP] [Refill: 30 Days] [Max: 150К] [Start Time: 1 Hour] [Speed: 300/Day]⚡⭐💧♻️","15.75","11.25","4.5","10","200000","b0b6c92b-6971-4f87-a0ec-f8e0605b85f4","Yes"
"instagram","instagram-Influencer","jap","Influencer Pack [45-52 Comments + 15-18 Followers + 80-90 Post Likes] [Start Time: 2 Hours] [Speed: 24 Hours Delivery]","34.755","24.825","9.930000000000003","1000","1000","04a7e753-e6a6-41d5-80f0-78676baf21fb","No"
"instagram","instagram-🇮🇳India","jap","🇮🇳India Traffic from Instagram [Refill: No] [Max: 1M] [Start Time: 12 Hours] [Speed: 10K/Day]","0.245","0.175","0.07","88","88888888","505bc413-4a27-436e-9fb1-40f3e19897b7","Yes"
"instagram","instagram-Taiwan","smmwiz","Taiwan Traffic from Instagram [LQ]","0.238","0.17","0.06799999999999998","88","88888888","76df787d-07e0-4e8f-bc28-ac24ac876333","No"
"instagram","instagram-Saves","jap","Instagram Saves [Max: 100K] [Start Time: 0-1 Hour] [Speed: 100K/Day] 💧","0.0034","0.0024","0.001","10","100000","db05aad7-99ee-4310-91eb-cfa304de3b68","No"
"instagram","instagram-🇪🇸Spain","jap","🇪🇸Spain Traffic from Instagram [No Refill] [Max: 1M] [Start Time: 12 Hours] [Speed: 10K/Day]","0.6125","0.4375","0.17500000000000004","500","1000000","240e2406-b9c1-49c1-8202-29063cfc844e","Yes"
"instagram","instagram-🌎","jap","🌎 WW Instagram Growth Package [50] [30 Days]","84","60","24","1","1","537652a5-7463-4801-9459-19472375277c","No"
"instagram","instagram-Czech","smmwiz","Czech Republic Traffic from Instagram [LQ]","0.238","0.17","0.06799999999999998","88","88888888","77aa368b-4515-492b-ad7a-e3c63f983147","No"
"instagram","instagram-🇰🇷","jap","🇰🇷 South Korea Instagram Growth Package [50] [30 Days]","84","60","24","1","1","d86527e7-199a-4d3d-9261-86de587ea3f2","No"
"instagram","instagram-WorldWide","smmwiz","Worldwide Traffic from Instagram [LQ]","0.238","0.17","0.06799999999999998","88","88888888","6c8be533-d536-4e4e-b28e-e28d083688bf","No"
"instagram","instagram-Colombia","smmwiz","Colombia Traffic from Instagram","0.56","0.4","0.16000000000000003","500","1000000","e3f97d7d-903a-418a-a71b-294705a0e331","No"
"instagram","instagram-Indonesia","smmwiz","Indonesia Traffic from Instagram","0.56","0.4","0.16000000000000003","500","1000000","e3f6fd2e-b9c9-4831-930f-364f4cd1e1a4","No"
"instagram","instagram-Japan","smmwiz","Japan Traffic from Instagram [LQ]","0.238","0.17","0.06799999999999998","88","88888888","c5d57e90-55d7-48cf-8338-d54946018051","No"
"instagram","instagram-🇧🇷","jap","🇧🇷 Instagram REPOST [Max: 100K] [Start Time: 0 -1 Hr] [Speed: Up to 50K/D]💧⛔","13.825","9.875","3.9499999999999993","10","100000","71061696-fe52-414b-932d-e53140857d58","No"
"instagram","instagram-Advanced","jap","Advanced Pack [65-72 Comments + 18-20 Followers + 120-130 Post Likes] [Start Time: 2 Hours] [Speed: 24 Hours Delivery]","46.2","33","13.200000000000003","1000","1000","36fe64da-1066-46a6-9198-5865ecaa0f9f","No"
"spotify","spotify-Plays","smmwiz","Spotify Real Playlist Plays - [ 5k-10k/day ] [ High Quality ]","0.126","0.09","0.036000000000000004","500","20000000","a687c9ff-17e3-49b2-a9bc-71d8633ffa42","No"
"spotify","spotify-Likes","smmwiz","Spotify Likes [Real] [World Wide] [1K/D] [0-1/H]","9.996","7.14","2.8560000000000008","1","15000","ace1434c-53d1-4368-9def-936ed8aabc0e","No"
"spotify","spotify-Saves","jap","🇸🇪Spotify SWEDEN Saves [For Track] [12H - 15K/Day]","1.029","0.735","0.29399999999999993","100","1000000","393b00bd-7bd4-4643-9b6f-c68cf1d18820","No"
"spotify","spotify-Spotify","jap","Spotify Monthly Listeners [ No Refill ] [USA 🇺🇸] [Start Time: 1 - 12 Hrs][Speed: Up to 10K/D] 💧","2.4325","1.7375","0.6950000000000001","1000","20000","00e63ff3-d58f-4e7b-99b0-dcceab4de14a","Yes"
"spotify","spotify-Followers","jap","🇧🇪Spotify BELGIUM Followers [12H - 15K/Day]","0.8526","0.609","0.24360000000000004","500","1000000","8a5d9dcd-a318-42de-b345-a32083f23185","No"
"telegram","telegram-Views","jap","Telegram Post Views","0.05","0.01","0.04","1000","100000000","f865968d-030f-4c95-a338-5051d9f90cb4","No"
"telegram","telegram-","smmwiz","5531 - Auto 3604","0.014","0.01","0.004","100","500000","c4d67107-f2fc-487d-8ed0-0ce0a370443d","No"
"telegram","telegram-Members","jap","Telegram Channel Members","1","0.6","0.4","100","500000","abddb6fc-0ad9-42aa-8266-bdcde4f87761","No"
"telegram","telegram-Telegram","jap","Telegram Auto Post View [Last 5 Posts] [MONTHLY PACKAGE]","2.52","1.8","0.72","100","300000","45642fff-8d43-4339-b8af-c714a8bd9851","No"
"telegram","telegram-Auto","smmwiz","Auto 2416","0.014","0.01","0.004","100","5000000","0346e41b-28a5-43f7-b75a-14208967cbee","No"
"telegram","telegram-Allinone","smmwiz","All-in-one Telegram","65.52","46.8","18.72","50","5000","80ee679d-16a9-447f-8892-f0f5ace1400f","No"
"tiktok","tiktok-🇧🇷","jap","🇧🇷 BRAZIL Website Traffic [FB, IG, YT, X, Tiktok, Google, Reddit] [ [Max: 1M] [Start Time: 0-3 Hrs] [Speed: Up to 50K/D] 💧⛔","0.35","0.25","0.09999999999999998","500","1000000","52c11f50-011b-4c98-9683-0a18f10477dd","No"
"tiktok","tiktok-Saves","jap","TikTok Saves [Max: 100K] [Refill: 30D] [Start Time: 0 - 1 Hr] [Speed: 50K/Day] 💧","0.014","0.01","0.004","10","100000000","7626766c-194b-4e80-8738-eb397e55c8a3","Yes"
"tiktok","tiktok-🇹🇭","jap","🇹🇭 THAILAND Website Traffic [FB, IG, YT, X, Tiktok, Google, Reddit] [ [Max: 1M] [Start Time: 0-3 Hrs] [Speed: Up to 50K/D] 💧⛔","0.35","0.25","0.09999999999999998","500","1000000","66f87a06-3e2e-4b95-adbd-cab4e4b00b42","No"
"tiktok","tiktok-🇮🇳India","jap","🇮🇳India Traffic from TikTok [Refill: No] [Max: 1M] [Start Time: 12 Hours] [Speed: 10K/Day]","0.245","0.175","0.07","88","88888888","6f7922da-b215-4b66-bd97-ee006122690c","Yes"
"tiktok","tiktok-🇺🇸","jap","🇺🇸 USA Website Traffic [FB, IG, YT, X, Tiktok, Google, Reddit] [ [Max: 1M] [Start Time: 0-3 Hrs] [Speed: Up to 50K/D] 💧⛔","0.35","0.25","0.09999999999999998","500","1000000","01b1d32b-1997-4df9-838d-296842e60088","No"
"tiktok","tiktok-Followers","jap","TikTok Followers — Fast","0.8","0.5","0.30000000000000004","100","200000","f7549186-d38d-4958-a788-da8c98e329b3","No"
"tiktok","tiktok-Views","jap","TikTok Views [Max: 30M] [Start Time: 0-2 Hrs] [Speed: 10M/D]💧","0.0438","0.0313","0.012499999999999997","100","2147483647","f637e335-1e49-4e17-b583-4f6a3bd7394a","No"
"tiktok","tiktok-🇹🇷","jap","🇹🇷 TURKEY Website Traffic [FB, IG, YT, X, Tiktok, Google, Reddit] [ [Max: 1M] [Start Time: 0-3 Hrs] [Speed: Up to 50K/D] 💧⛔","0.35","0.25","0.09999999999999998","500","1000000","dbbaeab3-0199-4177-b3fe-089e893fbb72","No"
"tiktok","tiktok-TikTok","jap","Tiktok Live Shares [Max: 10M] [Start Time: 0 - 3 Hrs] [Speed: 250K/D] 💧","0.07","0.05","0.020000000000000004","50","10000000","7a501098-0c0c-4367-af72-29e3b761804d","No"
"tiktok","tiktok-🇻🇳","jap","🇻🇳 VIETNAM Website Traffic [FB, IG, YT, X, Tiktok, Google, Reddit] [ [Max: 1M] [Start Time: 0-3 Hrs] [Speed: Up to 50K/D] 💧⛔","0.35","0.25","0.09999999999999998","500","1000000","684cb6fe-13b9-4a14-94e0-736cfe18f9f1","No"
"tiktok","tiktok-Comments","jap","Tiktok Comments [3 HQ Random Comments] [Max: 3] [Start Time: 0-1 Hour] [Finishes in 3 Hours]","1.085","0.775","0.30999999999999994","1000","1000","abddb037-d1bd-4253-b0bc-5776ff4df5c4","No"
"tiktok","tiktok-🇩🇪","jap","🇩🇪 GERMANY Website Traffic [FB, IG, YT, X, Tiktok, Google, Reddit] [ [Max: 1M] [Start Time: 0-3 Hrs] [Speed: Up to 50K/D] 💧⛔","0.35","0.25","0.09999999999999998","500","1000000","8126c671-73ac-4d9e-a9b1-8a7ee9ebc683","No"
"tiktok","tiktok-🌎","jap","🌎 WW Website Traffic [FB, IG, YT, X, Tiktok, Google, Reddit] [ [Max: 1M] [Start Time: 0-3 Hrs] [Speed: Up to 50K/D] 💧⛔","0.35","0.25","0.09999999999999998","500","1000000","54d1e58b-2d4a-49e9-af12-8c7522c2a834","No"
"tiktok","tiktok-Allinone","smmwiz","All-in-one TikTok","78.96","56.4","22.559999999999995","50","5000","f66cc931-9c13-46f7-8ba2-5892170600b9","No"
"tiktok","tiktok-Likes","jap","Tiktok Live Likes [Max: 500K] [Start Time: 0 - 1 Hours] [Speed: 100K/Day] 💧","0.0193","0.0138","0.005500000000000001","10","50000000","d4079bd4-5791-4acc-b8a6-e480d29ebb8c","No"
"tiktok","tiktok-🇮🇳","jap","🇮🇳 INDIA Website Traffic [FB, IG, YT, X, Tiktok, Google, Reddit] [ [Max: 1M] [Start Time: 0-3 Hrs] [Speed: Up to 50K/D] 💧⛔","0.35","0.25","0.09999999999999998","500","1000000","442b3812-84c3-44b7-9104-d9f48ab1cc02","No"
"tiktok","tiktok-🇫🇷","jap","🇫🇷 FRANCE Website Traffic [FB, IG, YT, X, Tiktok, Google, Reddit] [ [Max: 1M] [Start Time: 0-3 Hrs] [Speed: Up to 50K/D] 💧⛔","0.35","0.25","0.09999999999999998","500","1000000","8fc8e3e2-d761-44f5-ba42-739afc8fe3a3","No"
"tiktok","tiktok-🇦🇺","jap","🇦🇺 AUSTRALIA Website Traffic [FB, IG, YT, X, Tiktok, Google, Reddit] [ [Max: 1M] [Start Time: 0-3 Hrs] [Speed: Up to 50K/D] 💧⛔","0.35","0.25","0.09999999999999998","500","1000000","86e3cc40-abdf-40d0-8f7c-811d44690273","No"
"tiktok","tiktok-🇷🇺TikTok","jap","🇷🇺TikTok Comment [POSITIVE RANDOM - RUSSIAN] [Refill: 30 Days] [Max: 60K] [Start Time: 1 Hour] [Speed: 500/Day] ♻️","15.75","11.25","4.5","10","160000","03430c63-3704-48fb-9d23-e3f026742c48","Yes"
"tiktok","tiktok-🇬🇧","jap","🇬🇧 UK Website Traffic [FB, IG, YT, X, Tiktok, Google, Reddit] [ [Max: 1M] [Start Time: 0-3 Hrs] [Speed: Up to 50K/D] 💧⛔","0.35","0.25","0.09999999999999998","500","1000000","48405be1-7fad-4f21-b70c-117cae8d4c26","No"
"tiktok","tiktok-🇰🇷","jap","🇰🇷 SOUTH KOREA Website Traffic [FB, IG, YT, X, Tiktok, Google, Reddit] [ [Max: 1M] [Start Time: 0-3 Hrs] [Speed: Up to 50K/D] 💧⛔","0.35","0.25","0.09999999999999998","500","1000000","a2a80414-8c4d-46e2-99b4-7fe2552706af","No"
"tiktok","tiktok-USA","smmwiz","USA Traffic from Tiktok [LQ]","0.238","0.17","0.06799999999999998","88","88888888","a922ce11-5a7c-4a6b-ac6e-a8cc4ca0082e","No"
"tiktok","tiktok-India","smmwiz","India Traffic from Tiktok [LQ]","0.238","0.17","0.06799999999999998","88","88888888","3854ab8b-304e-4dce-a066-368de8d7aa58","No"
"tiktok","tiktok-🇮🇩","jap","🇮🇩 INDONESIA Website Traffic [FB, IG, YT, X, Tiktok, Google, Reddit] [ [Max: 1M] [Start Time: 0-3 Hrs] [Speed: Up to 50K/D] 💧⛔","0.35","0.25","0.09999999999999998","500","1000000","1bd3f82d-312b-4944-af28-8c1077de6023","No"
"tiktok","tiktok-","smmwiz","[GA4 Premium] 🚀 Organic Social | Influencer Flow | FB/IG/Tiktok Source","1.176","0.84","0.33599999999999997","100","10000000","81b19b0e-fd73-4e5f-8ba8-a80d02225978","No"
"tiktok","tiktok-🇺🇦TikTok","jap","🇺🇦TikTok Comment [CUSTOM RANDOM - UKRAINE] [Refill: 30 Days] [Max: 160K] [Start Time: 1 Hour] [Speed: 500/Day] ♻️","15.75","11.25","4.5","10","160000","4764df55-7435-4e69-aa53-940ff514db52","Yes"
"tiktok","tiktok-🇨🇦","jap","🇨🇦 CANADA Website Traffic [FB, IG, YT, X, Tiktok, Google, Reddit] [ [Max: 1M] [Start Time: 0-3 Hrs] [Speed: Up to 50K/D] 💧⛔","0.35","0.25","0.09999999999999998","500","1000000","893ccef4-5dbd-4c5b-909c-cef995c8c88b","No"
"twitter","twitter-🇩🇪Germany","jap","🇩🇪Germany Traffic from Twitter [Refill: No] [Max: 1M] [Start Time: 12 Hours] [Speed: 10K/Day]","0.245","0.175","0.07","88","88888888","55c72a1e-108b-43f5-bdb9-6799e2d36235","Yes"
"twitter","twitter-🇮🇩Indonesia","jap","🇮🇩Indonesia Traffic from Twitter [Refill: No] [Max: 1M] [Start Time: 12 Hours] [Speed: 10K/Day]","0.35","0.25","0.09999999999999998","100","1000000","dc21dfc5-d1ff-41ad-a97c-b052eca32d0a","Yes"
"twitter","twitter-Singapore","smmwiz","Singapore Traffic from Twitter","0.56","0.4","0.16000000000000003","500","1000000","29e744fd-ecee-4ef7-bf05-5dd3e5ff7004","No"
"twitter","twitter-🇨🇦Canada","jap","🇨🇦Canada Traffic from Twitter [No Refill] [Max: 1M] [Start Time: 12 Hours] [Speed: 10K/Day]","0.6125","0.4375","0.17500000000000004","500","1000000","beb61c67-b0e1-4b0e-a005-0072107bf389","Yes"
"twitter","twitter-🇳🇱Netherlands","jap","🇳🇱Netherlands Traffic from Twitter [No Refill] [Max: 1M] [Start Time: 12 Hours] [Speed: 10K/Day]","0.6125","0.4375","0.17500000000000004","500","1000000","cfc933be-2a19-438e-8d98-2bfac67c61a5","Yes"
"twitter","twitter-Ireland","smmwiz","Ireland Traffic from Twitter","0.56","0.4","0.16000000000000003","500","1000000","a672ccfe-05cd-4814-afc1-a5f3ff97c458","No"
"twitter","twitter-Turkey","smmwiz","Turkey Traffic from Twitter [LQ]","0.238","0.17","0.06799999999999998","88","88888888","018192cf-fe4a-4c99-a89a-ea24614a1cd1","No"
"twitter","twitter-🇪🇸Spain","jap","🇪🇸Spain Traffic from Twitter [No Refill] [Max: 1M] [Start Time: 12 Hours] [Speed: 10K/Day]","0.6125","0.4375","0.17500000000000004","500","1000000","3ffea3f6-01f5-4cb4-a984-934c402c4876","Yes"
"twitter","twitter-Netherlands","smmwiz","Netherlands Traffic from Twitter [LQ]","0.238","0.17","0.06799999999999998","88","88888888","addd3636-205d-461b-b220-590cfc707ddd","No"
"twitter","twitter-Spain","smmwiz","Spain Traffic from Twitter [LQ]","0.238","0.17","0.06799999999999998","88","88888888","370db611-46f2-46a4-95ae-c16d0c277f4b","No"
"twitter","twitter-Hong","smmwiz","Hong Kong Traffic from Twitter","0.56","0.4","0.16000000000000003","500","1000000","72c35269-197a-4eb9-85ed-96cb6a80566e","No"
"twitter","twitter-","smmwiz","4743 - Twitter Space Listeners [5 Min]","0.14","0.1","0.04000000000000001","50","10001","56642490-8fa2-41ab-84c4-f9e5c53dc1ab","No"
"twitter","twitter-Egypt","smmwiz","Egypt Traffic from Twitter","0.56","0.4","0.16000000000000003","500","1000000","d6992977-2d7c-4ed9-a2b4-63c810d46ae6","No"
"twitter","twitter-🇬🇧Twitter","jap","🇬🇧Twitter [UK] [100 Retweets 200 Likes 25 Comments] [PACKAGE HQ] [Speed: 24 Hours Delivery]","5.25","3.75","1.5","1","1","8ac0e4fc-325f-41e4-ad94-f8553607ee07","No"
"twitter","twitter-Brazil","smmwiz","Brazil Traffic from Twitter [LQ]","0.238","0.17","0.06799999999999998","88","88888888","485e8d9e-c774-4d61-a86e-459a0a4db7c3","No"
"twitter","twitter-🇷🇺Russia","jap","🇷🇺Russia Traffic from Twitter [No Refill] [Max: 1M] [Start Time: 12 Hours] [Speed: 10K/Day]","0.6125","0.4375","0.17500000000000004","500","1000000","9cfded7f-a75f-4087-a26b-1c1b597edc59","Yes"
"twitter","twitter-Poland","smmwiz","Poland Traffic from  Twitter","0.56","0.4","0.16000000000000003","500","1000000","d1c1b319-a824-4618-999f-551b6d28e665","No"
"twitter","twitter-🇧🇷Twitter","jap","🇧🇷Twitter [BRAZIL] [100 Retweet 200 Likes 25 Comments] [HQ Profiles] [Refill: 15 Days] [Start Time: 0-6 Hours] [Speed: 24 Hours Delivery] ♻️","5.25","3.75","1.5","1","1","31d8dc86-cbbf-494a-991a-96e6fc17fb0a","Yes"
"twitter","twitter-Canada","smmwiz","Canada Traffic from Twitter [LQ]","0.238","0.17","0.06799999999999998","88","88888888","9a6176ba-4f12-4721-9822-575ecc02cb03","No"
"twitter","twitter-🇬🇭🇳🇬Twitter","jap","🇬🇭🇳🇬Twitter Retweets [NIGERIA &amp; GHANA] [Refill: No] [Max: 3K] [Start Time: 5-10 Mins] [Speed: 1K/Day]","43.75","31.25","12.5","50","5000","1075b6e1-0a0d-400b-89cb-670b8110e74d","Yes"
"twitter","twitter-NEW","smmwiz","NEW -- Twitter  Tweet Bundle ORGANİC Impression ","0.28","0.2","0.08000000000000002","100","100000000","b71592ca-e08e-4c70-8127-31b0aaad8baa","No"
"twitter","twitter-Moldova","smmwiz","Moldova Traffic from Twitter","0.77","0.55","0.21999999999999997","1000","1000000","f6b89f1f-83d8-487a-b623-4375dd0cbc92","No"
"twitter","twitter-Colombia","smmwiz","Colombia Traffic from Twitter","0.56","0.4","0.16000000000000003","500","1000000","62cd481e-b62f-4af6-8d34-8ea0aabed7af","No"
"twitter","twitter-Pakistan","smmwiz","Pakistan Traffic from Twitter [LQ]","0.238","0.17","0.06799999999999998","88","88888888","475befdd-eaf0-4744-ba8c-f92cae64d4bc","No"
"twitter","twitter-🇬🇧UK","jap","🇬🇧UK Traffic from Twitter [Refill: No] [Max: 1M] [Start Time: 12 Hours] [Speed: 10K/Day] 💧","0.245","0.175","0.07","88","88888888","d9f289a5-a2e6-4ce8-b95e-865a4b24800a","Yes"
"twitter","twitter-Israel","smmwiz","Israel Traffic from Twitter","0.56","0.4","0.16000000000000003","500","1000000","a7e7b1bf-88bb-4c31-ade9-37e14f4049bc","No"
"twitter","twitter-🇯🇵Japan","jap","🇯🇵Japan Traffic from Twitter [Refill: No] [Max: 1M] [Start Time: 12 Hours] [Speed: 10K/Day]","0.6125","0.4375","0.17500000000000004","500","1000000","15a33bb0-d633-45d0-a5c2-d267226caadd","Yes"
"twitter","twitter-France","smmwiz","France Traffic from Twitter [LQ]","0.238","0.17","0.06799999999999998","88","88888888","b1dbc4cb-2788-4654-acd4-108d4ba700bf","No"
"twitter","twitter-Impressions","smmwiz","Twitter Impressions [Lifetime] [Instant]","0.028","0.02","0.008","100","100000000","cceac8e4-009a-4656-860a-fb5b3a7cc40b","No"
"twitter","twitter-Czech","smmwiz","Czech Republic Traffic from Twitter [LQ]","0.238","0.17","0.06799999999999998","88","88888888","7fe9e7bc-bad4-4ad3-8421-cabd477011e0","No"
"twitter","twitter-Ukraine","smmwiz","Ukraine Traffic from Twitter","0.56","0.4","0.16000000000000003","500","1000000","87105a03-77e5-445d-91b3-fcd3486c785d","No"
"twitter","twitter-Russia","smmwiz","Russia Traffic from Twitter [LQ]","0.238","0.17","0.06799999999999998","88","88888888","f5fe9e5c-3151-4414-8f1b-4b5ed81d316f","No"
"twitter","twitter-Website","jap","Website Traffic From Twitter [WW] [Refill: No] [Max: 1M] [Start Time: 0 - 12 Hour] [Speed: 50K/Day] 💧","0.245","0.175","0.07","88","88888888","8b1b9172-edbb-47fe-a548-6031f2d179bf","Yes"
"twitter","twitter-Bangladesh","smmwiz","Bangladesh Traffic from Twitter","0.56","0.4","0.16000000000000003","500","1000000","8a8adcc7-e71d-4a0f-bbcc-49c841302c56","No"
"twitter","twitter-Romania","smmwiz","Romania Traffic from Twitter [LQ]","0.238","0.17","0.06799999999999998","88","88888888","9c134685-ddad-4932-90ba-08a328644dbc","No"
"twitter","twitter-Comments","smmwiz","Twitter Random Comments [Real] [World Wide] [1K/D] [0-1/H]","32.928","23.52","9.407999999999998","1","15000","0109ed51-1501-4c97-830c-13026053a312","No"
"twitter","twitter-Engagement","jap","Twitter Impression + Profile Visits + Engagement [Refill: No] [Max: 100M] [Start Time: 0-1 Hr] [Speed: 10M/D] 💧","0.07","0.05","0.020000000000000004","100","2147483647","7ced7a17-e402-4991-af29-504bc334c5da","Yes"
"twitter","twitter-Finland","smmwiz","Finland Traffic from Twitter","0.56","0.4","0.16000000000000003","500","1000000","f8a09776-f8d6-4038-8ab8-771fea4160a9","No"
"twitter","twitter-🇧🇷Brazil","jap","🇧🇷Brazil Traffic from Twitter [Refill: No] [Max: 1M] [Start Time: 12 Hours] [Speed: 10K/Day]","0.245","0.175","0.07","88","88888888","74a1fc1f-16f6-481f-a75d-ab319ecff682","Yes"
"twitter","twitter-Indonesia","smmwiz","Indonesia Traffic from Twitter","0.56","0.4","0.16000000000000003","500","1000000","10aba914-2dd1-415f-a9d4-17d3673501c1","No"
"twitter","twitter-🇻🇳Vietnam","jap","🇻🇳Vietnam Traffic from Twitter [No Refill] [Max: 1M] [Start Time: 12 Hours] [Speed: 10K/Day]","0.6125","0.4375","0.17500000000000004","500","1000000","d18290e0-dedd-4b46-ae5f-98d422e80cb1","Yes"
"twitter","twitter-🇮🇹Italy","jap","🇮🇹Italy Traffic from Twitter [No Refill] [Max: 1M] [Start Time: 12 Hours] [Speed: 10K/Day]","0.665","0.475","0.19000000000000006","500","1000000","5e839f4e-9398-4417-b51d-fa687f9a0659","Yes"
"twitter","twitter-🇫🇷France","jap","🇫🇷France Traffic from Twitter [No Refill] [Max: 1M] [Start Time: 12 Hours] [Speed: 10K/Day]","0.35","0.25","0.09999999999999998","100","1000000","e04d9b0d-1e22-4619-a816-296d4751321f","Yes"
"twitter","twitter-🇨🇿Czech","jap","🇨🇿Czech Republic Traffic from Twitter [No Refill] [Max: 1M] [Start Time: 12 Hours] [Speed: 10K/Day]","0.6125","0.4375","0.17500000000000004","500","1000000","621ecf08-14ce-44e9-88ec-6c55a23a11f3","Yes"
"twitter","twitter-🇮🇳India","jap","🇮🇳India Traffic from Twitter [Refill: No] [Max: 1M] [Start Time: 12 Hours] [Speed: 10K/Day]","0.245","0.175","0.07","88","88888888","937166af-a04e-4b5a-b8a5-b25edc232687","Yes"
"twitter","twitter-TwitterX","smmwiz","Twitter-X  Detail Click","0.007","0.005","0.002","100","2147483647","6f093255-dc0e-4cb3-93b3-e1184c4ffdbb","No"
"twitter","twitter-Sweden","smmwiz","Sweden Traffic from Twitter","0.77","0.55","0.21999999999999997","1000","1000000","5be78e64-9bd8-4037-88a4-e58bd64ffb0d","No"
"twitter","twitter-🇵🇱Poland","jap","🇵🇱Poland Traffic from Twitter [No Refill] [Max: 1M] [Start Time: 12 Hours] [Speed: 10K/Day]","0.6125","0.4375","0.17500000000000004","500","1000000","74f16e76-45d5-4972-84c9-bbfa1e009575","Yes"
"twitter","twitter-India","smmwiz","India Traffic from Twitter [LQ]","0.238","0.17","0.06799999999999998","88","88888888","f6045fc7-8cb7-4af3-b81f-97740f023c3e","No"
"twitter","twitter-🇺🇸Twitter","jap","🇺🇸Twitter [USA] [100 Retweets 200 Likes 25 Comments] [PACKAGE HQ] [Speed: 24 Hours Delivery]","5.25","3.75","1.5","1","1","8e571828-37f1-48e8-a40e-fe3a4528bb13","No"
"twitter","twitter-🇹🇼Taiwan","jap","🇹🇼Taiwan Traffic from Twitter [No Refill] [Max: 1M] [Start Time: 12 Hours] [Speed: 10K/Day]","0.6125","0.4375","0.17500000000000004","500","1000000","ae2cfb64-9b22-41fd-852b-44fbf75f4bf4","Yes"
"twitter","twitter-🇹🇷Turkey","jap","🇹🇷Turkey Traffic from Twitter [No Refill] [Max: 1M] [Start Time: 12 Hours] [Speed: 10K/Day]","0.6125","0.4375","0.17500000000000004","500","1000000","3d826daa-f4c4-4641-a915-cf4d9dc16a67","Yes"
"twitter","twitter-Mexico","smmwiz","Mexico Traffic from Twitter","0.56","0.4","0.16000000000000003","500","1000000","81578b5c-096a-470c-b406-3acc18ab1825","No"
"twitter","twitter-Taiwan","smmwiz","Taiwan Traffic from Twitter [LQ]","0.238","0.17","0.06799999999999998","88","88888888","662c1430-144d-451e-b61c-2b9cfe11d80c","No"
"twitter","twitter-Thailand","smmwiz","Thailand Traffic from Twitter [LQ]","0.238","0.17","0.06799999999999998","88","88888888","72c6c40b-fc03-44b9-898e-d3aa0e54965a","No"
"twitter","twitter-Philippines","smmwiz","Philippines Traffic from Twitter","0.56","0.4","0.16000000000000003","500","1000000","a08b5d25-120e-45df-8902-6343791ad0a5","No"
"twitter","twitter-Likes","smmwiz","Twitter Real Likes - [ Max - 5K ] [ High Quality ] [ LOW DROP ] ALWAYS INSTANT","1.316","0.94","0.3760000000000001","20","5000","f415613a-f47a-4d6e-abf1-dce4a220af76","No"
"twitter","twitter-Vietnam","smmwiz","Vietnam Traffic from Twitter [LQ]","0.238","0.17","0.06799999999999998","88","88888888","cef4e871-34d3-4b7d-94f7-c185b60a48be","No"
"twitter","twitter-Worldwide","smmwiz","Worldwide Traffic from Twitter [LQ]","0.238","0.17","0.06799999999999998","88","88888888","19963efd-206b-49f7-8e9f-1d8b58ebb1ed","No"
"twitter","twitter-Germany","smmwiz","Germany Traffic from Twitter [LQ]","0.238","0.17","0.06799999999999998","88","88888888","abd48f36-5f5c-429d-829f-13e6903aa954","No"
"twitter","twitter-South","smmwiz","South Korea Traffic from Twitter [LQ]","0.238","0.17","0.06799999999999998","88","88888888","ec91c69e-001e-4d2c-84e7-99a5972ec63a","No"
"twitter","twitter-Iran","smmwiz","Iran Traffic from Twitter","0.56","0.4","0.16000000000000003","500","1000000","afd9e67c-53b3-4994-a93b-3abebe2ef72e","No"
"twitter","twitter-Followers","jap","Twitter Followers","1.5","1","0.5","100","100000","1dcf3c35-4f92-4dbe-830c-e0c870616cc2","No"
"twitter","twitter-🇺🇦Ukraine","jap","🇺🇦Ukraine Traffic from Twitter [No Refill] [Max: 1M] [Start Time: 12 Hours] [Speed: 10K/Day]","0.6125","0.4375","0.17500000000000004","500","1000000","874dcf1a-f3b0-4e88-a4a4-381cd7096f6b","Yes"
"twitter","twitter-Switzerland","smmwiz","Switzerland Traffic from Twitter","0.882","0.63","0.252","1000","1000000","5b3354cd-38ec-457d-8faf-1bc457b69879","No"
"twitter","twitter-Twitter","smmwiz","Twitter - X Profile Click","0.0126","0.009","0.0036000000000000008","100","2147483647","e038c653-2128-40f6-9506-4981950af941","No"
"twitter","twitter-UK","smmwiz","UK Traffic from Twitter [LQ]","0.238","0.17","0.06799999999999998","88","88888888","846ce0c1-9c6a-4fd4-a5c1-63e1290d67c3","No"
"twitter","twitter-🇺🇸","smmwiz","🇺🇸 Twitter USA Retweet | Max 100K ⎜100% HQ Users⎜R90 | Non Drop | 2K/D ⛔","1.96","1.4","0.56","100","2000","ae2063a9-efa8-4825-b754-f36cd9a77619","No"
"twitter","twitter-🇺🇸USA","jap","🇺🇸USA Traffic from Twitter [Refill: No] [Max: 1M] [Start Time: 0 - 12 Hours] [Speed: 10K/Day] 💧","0.245","0.175","0.07","88","88888888","ea9e12b5-0939-4a02-85f0-31c51411ca3e","Yes"
"twitter","twitter-Japan","smmwiz","Japan Traffic from Twitter [LQ]","0.238","0.17","0.06799999999999998","88","88888888","35ad026c-298f-4720-8cd1-cdbdf14a46dd","No"
"twitter","twitter-Views","jap","Twitter Tweet/Video Views + Impressions + Engagements + Details + Profile Visits [No Drop] [Max: 10M] [Start Time: 0-1H] [Speed: 1M/Day]","0.0063","0.0045","0.0018000000000000004","100","100000000","d06b3c75-d6cf-42f1-a645-b9a4050b3748","No"
"twitter","twitter-🇲🇽Mexico","jap","🇲🇽Mexico Traffic from Twitter [No Refill] [Max: 1M] [Start Time: 12 Hours] [Speed: 10K/Day]","0.6125","0.4375","0.17500000000000004","500","1000000","9ae1b759-299c-458f-82dd-64f14fae36a6","Yes"
"twitter","twitter-Portugal","smmwiz","Portugal Traffic from Twitter","0.56","0.4","0.16000000000000003","500","1000000","3f70b4bc-89ba-406c-b214-9330d9a44870","No"
"twitter","twitter-USA","smmwiz","USA Traffic from Twitter [LQ]","0.238","0.17","0.06799999999999998","88","88888888","c7650db2-a3d0-49cc-adc1-a176eeb5a1c1","No"
"twitter","twitter-Australia","smmwiz","Australia Traffic from Twitter","0.56","0.4","0.16000000000000003","500","1000000","c3b25884-e42f-4bca-af4c-f426d2ad4d27","No"
"twitter","twitter-🇰🇷South","jap","🇰🇷South Korea Traffic from Twitter [Refill: No] [Max: 1M] [Start Time: 12 Hours] [Speed: 10K/Day]","0.245","0.175","0.07","88","88888888","3b3149f0-823f-428f-b872-6e6e5df2bc79","Yes"
"twitter","twitter-Argentina","smmwiz","Argentina Traffic from Twitter","0.56","0.4","0.16000000000000003","500","1000000","7db3099a-dafd-4398-930d-35a7abacb6b2","No"
"twitter","twitter-🐥","smmwiz","🐥 S34 - Twitter NFT Follower | 100% Female Users | Max 500 | No guarantee | Quick Starts | 5K per day","66.36","47.4","18.96","10","4000","a1616f3c-0e08-42fc-9b77-e0201f5ea554","No"
"twitter","twitter-🇹🇭Thailand","jap","🇹🇭Thailand Traffic from Twitter [No Refill] [Max: 1M] [Start Time: 12 Hours] [Speed: 10K/Day]","0.6125","0.4375","0.17500000000000004","500","1000000","cc25e6c5-d552-4e89-9d5b-370a77b1e14b","Yes"
"twitter","twitter-Italy","smmwiz","Italy Traffic from Twitter [LQ]","0.238","0.17","0.06799999999999998","88","88888888","fa7be58f-9f8f-4bf6-888c-abea7da86118","No"
"twitter","twitter-🇸🇬Singapore","jap","🇸🇬Singapore Traffic from Twitter [No Refill] [Max: 1M] [Start Time: 12 Hours] [Speed: 10K/Day]","0.6125","0.4375","0.17500000000000004","500","1000000","5b7806f3-d387-4db5-b165-262387e08810","Yes"
"twitter","twitter-X","smmwiz","X - Twitter Nigeria Retweets [5K]🇳🇬","34.818","24.87","9.947999999999997","50","5000","04c5bd06-90e2-45e1-b0c3-4839a61471f4","No"
"youtube","youtube-🇲🇺","smmwiz","🇲🇺 YouTube Social Shares [ Mauritius ]","2.072","1.48","0.5920000000000001","50","10000","a9644267-1f4d-43fe-a2bc-074d9a0b03a6","No"
"youtube","youtube-🇺🇿","smmwiz","🇺🇿 YouTube Unique Viewers - Uzbekistan [TRU™ Titan - Targeted Real Users]","10.892","7.78","3.111999999999999","500","100000","a5c7ec6d-06e6-4a5e-9203-83dfbc3e7b29","No"
"youtube","youtube-🇮🇶","smmwiz","🇮🇶 YouTube Social Shares [ Iraq ]","2.072","1.48","0.5920000000000001","50","10000","55f70201-64df-4f5f-a82b-5f1cd1f88d72","No"
"youtube","youtube-Spain","smmwiz","Spain Traffic from YouTube [LQ]","0.238","0.17","0.06799999999999998","88","88888888","6a90f8f6-0b8b-45a2-b4fb-73a541d75187","No"
"youtube","youtube-UK","smmwiz","UK Traffic from YouTube [LQ]","0.238","0.17","0.06799999999999998","88","88888888","30c3a016-afdb-4f74-aae5-88300801ab00","No"
"youtube","youtube-Iran","smmwiz","Iran Traffic from YouTube","0.56","0.4","0.16000000000000003","500","1000000","7691c6c6-bfef-441a-aa06-4eaa6fb90b43","No"
"youtube","youtube-🇦🇹","smmwiz","🇦🇹 YouTube Unique Viewers - Austria [TRU™ Titan - Targeted Real Users]","10.892","7.78","3.111999999999999","500","100000","b2786e48-a36d-44c6-9395-d126eeb58dfa","No"
"youtube","youtube-🇺🇸YouTube","jap","🇺🇸YouTube Comment Reply [CUSTOM] [USA] [LIFETIME GUARANTEED] [Max: 2K] [Start Time: 0-1 Hour] [Speed: 2K/Day] ⚡⭐ ♻️","70","50","20","10","2000","b0796459-c21c-460b-b9c5-77d37f2cfb16","Yes"
"youtube","youtube-🇧🇷","smmwiz","🇧🇷 YouTube Social Shares [ Brazil ]","2.072","1.48","0.5920000000000001","50","100000","2ad8537a-71fd-48fb-a1b3-2ec6844eea36","No"
"youtube","youtube-Vietnam","smmwiz","Vietnam Traffic from YouTube [LQ]","0.238","0.17","0.06799999999999998","88","88888888","abe547f9-9e80-43c1-ad9a-e232c5169685","No"
"youtube","youtube-♛","smmwiz","♛ YouTube Social Shares from 카카오스토리 - KakaoTalk 💎","0.882","0.63","0.252","100","500000","5071222b-7b10-4d13-b498-4d20116006f5","No"
"youtube","youtube-🇮🇹Italy","jap","🇮🇹Italy Traffic from YouTube [No Refill] [Max: 1M] [Start Time: 12 Hours] [Speed: 10K/Day]","0.665","0.475","0.19000000000000006","500","1000000","ff5d9c48-0b97-4b92-8422-1d271b009af8","Yes"
"youtube","youtube-🇦🇪","smmwiz","🇦🇪 YouTube Social Shares [ UAE ]","2.072","1.48","0.5920000000000001","50","100000","245a60c7-0cea-43f7-aadb-3ed57d7ef412","No"
"youtube","youtube-Netherlands","smmwiz","Netherlands Traffic from YouTube [LQ]","0.238","0.17","0.06799999999999998","88","88888888","ccbe60cf-335f-4311-900c-1c974a95e053","No"
"youtube","youtube-🇪🇸","smmwiz","🇪🇸 YouTube Social Shares [ Spain ]","2.072","1.48","0.5920000000000001","50","100000","52eecd46-1425-4928-b05b-ee6da00e43ae","No"
"youtube","youtube-🇲🇲","smmwiz","🇲🇲 YouTube Social Shares [ Myanmar ]","2.072","1.48","0.5920000000000001","50","10000","b21f2bd9-c554-4fb4-af6d-c523047741d8","No"
"youtube","youtube-Thailand","smmwiz","Thailand Traffic from YouTube [LQ]","0.238","0.17","0.06799999999999998","88","88888888","1b882621-ab76-48c1-bca7-b08fe5fb1f93","No"
"youtube","youtube-🇺🇾","smmwiz","🇺🇾 YouTube Social Shares [ Uruguay ]","2.072","1.48","0.5920000000000001","50","10000","09d10206-7572-43b9-a5e3-e383ec7f25b0","No"
"youtube","youtube-🇩🇪","smmwiz","🇩🇪 YouTube Social Shares [ Germany ]","2.072","1.48","0.5920000000000001","50","100000","07c44188-0f9a-44fc-8523-3ae5fe405383","No"
"youtube","youtube-Colombia","smmwiz","Colombia Traffic from YouTube","0.56","0.4","0.16000000000000003","500","1000000","1a066e20-1637-41e1-bd9d-35b76ef99a1d","No"
"youtube","youtube-WorldWide","smmwiz","Worldwide Traffic from YouTube [LQ]","0.238","0.17","0.06799999999999998","88","88888888","d2f0bcfd-29a3-45ce-a0a9-b4b02dc64a8a","No"
"youtube","youtube-🇹🇳","smmwiz","🇹🇳 YouTube Social Shares [ Tunisia ]","2.072","1.48","0.5920000000000001","50","100000","679388d5-2492-4a04-a958-9e0d8d265651","No"
"youtube","youtube-Israel","smmwiz","Israel Traffic from YouTube","0.56","0.4","0.16000000000000003","500","1000000","c76b8e64-c8d5-48db-8aab-c9ffbcbd0402","No"
"youtube","youtube-🗣️","smmwiz","🗣️ YouTube Unique Viewers - Arabic Speakers [TRU™ Titan - Targeted Real Users]","10.892","7.78","3.111999999999999","500","100000","21fb276a-86bd-4f67-9efb-ee424723114e","No"
"youtube","youtube-🇹🇷","smmwiz","🇹🇷 YouTube Social Shares [ Turkey ]","2.072","1.48","0.5920000000000001","50","100000","c212926b-bc25-4275-b75f-dd009a3b39bb","No"
"youtube","youtube-🇪🇨","smmwiz","🇪🇨 YouTube Social Shares [ Ecuador ]","2.072","1.48","0.5920000000000001","50","100000","1b3e9114-a2cc-4cbd-a359-e82b0624a860","No"
"youtube","youtube-🇦🇺","smmwiz","🇦🇺 YouTube Social Shares [ Australia ]","2.072","1.48","0.5920000000000001","50","10000","70d626a0-b563-4013-ad41-8e0be05570b1","No"
"youtube","youtube-🇲🇽","smmwiz","🇲🇽 YouTube Social Shares [ Mexico ]","2.072","1.48","0.5920000000000001","50","100000","31e0e64d-8e74-42d3-9a8e-8b8c13aca772","No"
"youtube","youtube-Indonesia","smmwiz","Indonesia Traffic from YouTube","0.56","0.4","0.16000000000000003","500","1000000","403693eb-998f-45c5-90ab-ec37731f068a","No"
"youtube","youtube-Egypt","smmwiz","Egypt Traffic from YouTube","0.56","0.4","0.16000000000000003","500","1000000","a6ddc8a5-f575-4515-89e3-adfab80fe202","No"
"youtube","youtube-🇲🇩","smmwiz","🇲🇩 YouTube Unique Viewers - Moldova [TRU™ Titan - Targeted Real Users]","10.892","7.78","3.111999999999999","500","100000","c1a6af03-5e20-4442-b52d-2383e0f841de","No"
"youtube","youtube-🇫🇷France","jap","🇫🇷France Traffic from YouTube [No Refill] [Max: 1M] [Start Time: 12 Hours] [Speed: 10K/Day]","0.35","0.25","0.09999999999999998","100","1000000","3b57de7c-ec54-4359-9119-fa676bb214ef","Yes"
"youtube","youtube-Bangladesh","smmwiz","Bangladesh Traffic from YouTube","0.56","0.4","0.16000000000000003","500","1000000","d33cb418-28fe-4890-aec1-ca271b3f995e","No"
"youtube","youtube-NEW","smmwiz","NEW - YouTube Live Stream [✔ 15 Minute Concurrent Viewers] [Super Cheap] INSTANT","0.252","0.18","0.07200000000000001","10","500000","546e1807-70db-466d-8827-b51084d89ebc","No"
"youtube","youtube-🇯🇵Japan","jap","🇯🇵Japan Traffic from YouTube [Refill: No] [Max: 1M] [Start Time: 12 Hours] [Speed: 10K/Day]","0.6125","0.4375","0.17500000000000004","500","1000000","f746b6e0-242f-42dc-a551-abf40b62b133","Yes"
"youtube","youtube-🇸🇾","smmwiz","🇸🇾 YouTube Social Shares [ Syria ]","2.072","1.48","0.5920000000000001","50","10000","875191de-0b47-4cf2-88e5-692498395cfd","No"
"youtube","youtube-🇬🇧UK","jap","🇬🇧UK Traffic from YouTube [Refill: No] [Max: 1M] [Start Time: 12 Hours] [Speed: 10K/Day] 💧","0.245","0.175","0.07","88","88888888","a43adf93-c20f-4bf8-b395-99b78e73ab00","Yes"
"youtube","youtube-🇧🇷Brazil","jap","🇧🇷Brazil Traffic from YouTube [Refill: No] [Max: 1M] [Start Time: 12 Hours] [Speed: 10K/Day]","0.245","0.175","0.07","88","88888888","8ea93283-f834-4224-9404-d07b9398dc94","Yes"
"youtube","youtube-🇯🇴","smmwiz","🇯🇴 YouTube Social Shares [ Jordan ]","2.072","1.48","0.5920000000000001","50","10000","a1fa5a3e-acab-4d71-8ebe-3a2439f5d32e","No"
"youtube","youtube-🇳🇬","smmwiz","🇳🇬 YouTube Social Shares [ Nigeria ]","2.072","1.48","0.5920000000000001","50","10000","22442eb9-02c2-4050-aabf-2209a6a3eb47","No"
"youtube","youtube-🇷🇴","smmwiz","🇷🇴 YouTube Social Shares [ Romania ]","2.072","1.48","0.5920000000000001","50","100000","45b6129b-0ace-45e0-b03e-936bd735679d","No"
"youtube","youtube-🇸🇦","smmwiz","🇸🇦 YouTube Social Shares [ Saudi Arabia ]","2.072","1.48","0.5920000000000001","50","100000","38f363c2-fe3a-4891-ab9a-a3efba47904f","No"
"youtube","youtube-🇮🇳India","jap","🇮🇳India Traffic from YouTube [Refill: No] [Max: 1M] [Start Time: 12 Hours] [Speed: 10K/Day]","0.245","0.175","0.07","88","88888888","fd54572f-cb0c-4408-b27e-1781048e501f","Yes"
"youtube","youtube-Website","jap","Website Traffic From Youtube [WW] [Refill: No] [Max: 1M] [Start Time: 0 - 12 Hours] [Speed: 50K/Day] 💧","0.245","0.175","0.07","88","88888888","9df7fabf-6f61-4f1d-a277-2bd7298f31e3","Yes"
"youtube","youtube-🇦🇱","smmwiz","🇦🇱 YouTube Social Shares [ Albania ]","2.072","1.48","0.5920000000000001","50","100000","8ea4bb6b-5258-4c81-8f5a-ad357fb44bf1","No"
"youtube","youtube-🇧🇦","smmwiz","🇧🇦 YouTube Social Shares [ Bosnia and Herzegovina ]","2.072","1.48","0.5920000000000001","50","10000","00c75fd5-ae06-4e5d-92b9-54607110d746","No"
"youtube","youtube-🇲🇹","smmwiz","🇲🇹 YouTube Unique Viewers - Malta [TRU™ Titan - Targeted Real Users]","10.892","7.78","3.111999999999999","500","100000","ca569e01-f9e9-49b8-abb6-b947d4c197a9","No"
"youtube","youtube-🇻🇪","smmwiz","🇻🇪 YouTube Social Shares [ Venezuela ]","2.072","1.48","0.5920000000000001","50","100000","93bc0b34-47af-42b5-a8ef-75144d6faac7","No"
"youtube","youtube-Japan","smmwiz","Japan Traffic from YouTube [LQ]","0.238","0.17","0.06799999999999998","88","88888888","ee9ed4ed-edfb-4a1c-a8e7-58ff85a8848c","No"
"youtube","youtube-🇨🇳China","jap","🇨🇳China Traffic from YouTube [No Refill] [Max: 1M] [Start Time: 12 Hours] [Speed: 10K/Day]","0.6125","0.4375","0.17500000000000004","500","1000000","76891ab7-ad5c-4a47-b002-dac955fa8ac9","Yes"
"youtube","youtube-🇱🇰","smmwiz","🇱🇰 YouTube Social Shares [ Sri Lanka ]","2.072","1.48","0.5920000000000001","100","100000","777021ba-537c-477c-8aad-c34ba00e4a5b","No"
"youtube","youtube-🇻🇳Vietnam","jap","🇻🇳Vietnam Traffic from YouTube [No Refill] [Max: 1M] [Start Time: 12 Hours] [Speed: 10K/Day]","0.6125","0.4375","0.17500000000000004","500","1000000","7a7d6535-ca56-4e97-9b7f-d7029724a860","Yes"
"youtube","youtube-🇴🇲","smmwiz","🇴🇲 YouTube Social Shares [ Oman ]","2.072","1.48","0.5920000000000001","50","10000","8bfb60f5-95c8-421b-bfed-52f423bdafaa","No"
"youtube","youtube-🇩🇴","smmwiz","🇩🇴 YouTube Social Shares [ Dominican Republic ]","2.072","1.48","0.5920000000000001","50","10000","b5287f55-fdcc-4d6b-8614-b080b9a44209","No"
"youtube","youtube-Taiwan","smmwiz","Taiwan Traffic from YouTube [LQ]","0.238","0.17","0.06799999999999998","88","88888888","786ca72e-cc71-42b3-ad94-2b2d0dc5481b","No"
"youtube","youtube-Philippines","smmwiz","Philippines Traffic from YouTube","0.56","0.4","0.16000000000000003","500","1000000","6c40c462-b996-47a0-90a1-def4d3688794","No"
"youtube","youtube-Turkey","smmwiz","Turkey Traffic from YouTube [LQ]","0.238","0.17","0.06799999999999998","88","88888888","cb616e0f-0d71-4a19-b607-92120144bd49","No"
"youtube","youtube-South","smmwiz","South Korea Traffic from YouTube [LQ]","0.238","0.17","0.06799999999999998","88","88888888","40ffb3a9-3150-4e61-a1a2-e331638a0a85","No"
"youtube","youtube-🏆","smmwiz","🏆 YouTube Authority Stack - 16 Premium Video Embeds &amp;amp; Backlinks [Cloud • EDU • Web 2.0 • DA 70-95+] [Custom Keywords]","423.36","302.4","120.96000000000004","1","1","143f40fd-6714-4590-86ae-89865644352d","No"
"youtube","youtube-🇨🇭","smmwiz","🇨🇭 YouTube Social Shares [ Switzerland ]","2.072","1.48","0.5920000000000001","50","100000","63df88ba-d9b0-40a5-bf0e-92fa44348bc3","No"
"youtube","youtube-🇧🇪","smmwiz","🇧🇪 YouTube Social Shares [ Belgium ]","2.072","1.48","0.5920000000000001","50","100000","6bb0afe7-a719-4caf-b654-627c5ad36531","No"
"youtube","youtube-🇵🇰","smmwiz","🇵🇰 YouTube Social Shares [ Pakistan ]","2.072","1.48","0.5920000000000001","50","100000","2d914a47-d689-411f-abc9-dd8731485e16","No"
"youtube","youtube-Subscribers","jap","YouTube Subscribers","3","2","1","100","50000","d95d139b-7d65-4d1d-b341-d2f9d8526787","No"
"youtube","youtube-Engagement","smmwiz","Youtube Organic Monthly Engagement","69160","49400","19760","1","12","87c8cef1-b5d3-4157-9cca-a452964c59c1","No"
"youtube","youtube-▶️▶️Youtube","smmwiz","▶️▶️Youtube View Native Ads | Min 500k | NON DROP | Speed 150-500k+/Day","1.12","0.8","0.32000000000000006","500000","50000000","24f04f16-d3b8-4eef-874f-b5a1e24a0be1","No"
"youtube","youtube-🇺🇸","jap","🇺🇸 YouTube USA Social Shares [Refill: Lifetime] [Max: 10K] [Start Time: 0 - 1 Hour] [Speed: 10K/Day]","0.35","0.25","0.09999999999999998","100","100000","07bad16a-91fc-4e81-ae4b-d825b3e3685c","Yes"
"youtube","youtube-🇱🇧","smmwiz","🇱🇧 YouTube Social Shares [ Lebanon ]","2.072","1.48","0.5920000000000001","50","10000","d3b951cd-8a57-45f3-8a2d-c2cd9da6d9d6","No"
"youtube","youtube-🇳🇱Netherlands","jap","🇳🇱Netherlands Traffic from YouTube [No Refill] [Max: 1M] [Start Time: 12 Hours] [Speed: 10K/Day]","0.6125","0.4375","0.17500000000000004","500","1000000","2256206f-ed23-4f46-9754-d023e79adfa5","Yes"
"youtube","youtube-🇫🇷","smmwiz","🇫🇷 YouTube Social Shares [ France ]","2.072","1.48","0.5920000000000001","50","100000","72413b84-0677-4d51-befe-2a400a5fab9f","No"
"youtube","youtube-🇷🇺","smmwiz","🇷🇺 YouTube Social Shares [ Russia ]","2.072","1.48","0.5920000000000001","50","100000","060505ce-ec98-4f62-9099-42f8e5f818b2","No"
"youtube","youtube-🇧🇩","smmwiz","🇧🇩 YouTube Social Shares [ Bangladesh ]","2.072","1.48","0.5920000000000001","50","100000","2230c138-b87b-4f5c-a603-62589255f577","No"
"youtube","youtube-Ukraine","smmwiz","Ukraine Traffic from YouTube","0.56","0.4","0.16000000000000003","500","1000000","a04e0024-a116-454c-a736-41eab7f24acd","No"
"youtube","youtube-🇮🇳","smmwiz","🇮🇳 YouTube Social Shares [ India ]","2.072","1.48","0.5920000000000001","50","10000","9e6dff10-8aa9-4ecc-94c4-37a0289388e2","No"
"youtube","youtube-🇯🇵","smmwiz","🇯🇵 YouTube Social Shares [ Japan ]","2.072","1.48","0.5920000000000001","50","100000","9491ae73-5fa9-4652-90fa-074f9d5d2796","No"
"youtube","youtube-🇭🇳","smmwiz","🇭🇳 YouTube Social Shares [ Honduras ]","2.072","1.48","0.5920000000000001","50","10000","2c5c90f2-ba7b-433f-b51b-2d5fa1bb36a9","No"
"youtube","youtube-China","smmwiz","China Traffic from YouTube","0.56","0.4","0.16000000000000003","500","1000000","234cab7a-cc77-40ce-9466-8b368ed5c4b9","No"
"youtube","youtube-Australia","smmwiz","Australia Traffic from YouTube","0.56","0.4","0.16000000000000003","500","1000000","869e5ec8-613f-45fd-940a-9ea20969fca8","No"
"youtube","youtube-YouTube","smmwiz","Youtube Live Stream [30 Minutes] [ Concurrent ] [ Cheapest In Market ]","0.252","0.18","0.07200000000000001","50","50000","ea8e74d1-9f6b-493f-9322-edbe9e0c17e8","No"
"youtube","youtube-🇸🇬","smmwiz","🇸🇬 YouTube Social Shares [ Singapore ]","2.072","1.48","0.5920000000000001","50","100000","44820ad4-39ad-46e1-ba39-f8427e3de491","No"
"youtube","youtube-🇦🇷","smmwiz","🇦🇷 YouTube Social Shares [ Argentina ]","2.072","1.48","0.5920000000000001","50","100000","2551241c-23fe-4ff7-b8f6-275c35f9514a","No"
"youtube","youtube-🇺🇦","smmwiz","🇺🇦 YouTube Social Shares [ Ukraine ]","2.072","1.48","0.5920000000000001","50","100000","2dd687f7-9df7-488a-9f0d-8881042de3f5","No"
"youtube","youtube-🇧🇴","smmwiz","🇧🇴 YouTube Social Shares [ Bolivia ]","2.072","1.48","0.5920000000000001","50","10000","37781879-52dd-40a8-b382-4039c865ddfb","No"
"youtube","youtube-Comments","jap","Youtube Comments [10 HQ Random Comments] [Max: 10] [Start Time: 0-1 Hour] [Finishes in 3 Hours]","1.75","1.25","0.5","1000","1000","e9d7d709-d614-4202-be97-b3067c254ced","No"
"youtube","youtube-🇹🇷Turkey","jap","🇹🇷Turkey Traffic from YouTube [No Refill] [Max: 1M] [Start Time: 12 Hours] [Speed: 10K/Day]","0.6125","0.4375","0.17500000000000004","500","1000000","5fde0a7c-01cc-4201-a912-df63993fb910","Yes"
"youtube","youtube-🇶🇦","smmwiz","🇶🇦 YouTube Social Shares [ Qatar ]","2.072","1.48","0.5920000000000001","50","10000","9f07b8c4-fe63-43e5-9958-a4c7e482ebd5","No"
"youtube","youtube-Germany","smmwiz","Germany Traffic from YouTube [LQ]","0.238","0.17","0.06799999999999998","88","88888888","0c230948-5826-482d-845e-6520b33b86e8","No"
"youtube","youtube-🇨🇦Canada","jap","🇨🇦Canada Traffic from YouTube [No Refill] [Max: 1M] [Start Time: 12 Hours] [Speed: 10K/Day]","0.6125","0.4375","0.17500000000000004","500","1000000","68778d84-349d-400f-b631-b213ff7e0370","Yes"
"youtube","youtube-🇩🇪Germany","jap","🇩🇪Germany Traffic from YouTube [No Refill] [Max: 1M] [Start Time: 12 Hours] [Speed: 10K/Day]","0.245","0.175","0.07","88","88888888","60152448-2b4b-45f0-9412-396c1caf8a55","Yes"
"youtube","youtube-🇪🇸Spain","jap","🇪🇸Spain Traffic from YouTube [No Refill] [Max: 1M] [Start Time: 12 Hours] [Speed: 10K/Day]","0.6125","0.4375","0.17500000000000004","500","1000000","a6eb4b13-1491-4443-8433-7a89dc16fe9f","Yes"
"youtube","youtube-🇮🇱","smmwiz","🇮🇱 YouTube Social Shares [ Israel ]","2.072","1.48","0.5920000000000001","50","100000","0ba56c18-88c9-4230-bec0-629574309cd6","No"
"youtube","youtube-🇬🇷","smmwiz","🇬🇷 YouTube Social Shares [ Greece ]","2.072","1.48","0.5920000000000001","100","100000","1b6117b5-8960-426f-bca0-d4b9c974c230","No"
"youtube","youtube-🇰🇷South","jap","🇰🇷South Korea Traffic from YouTube [Refill: No] [Max: 1M] [Start Time: 12 Hours] [Speed: 10K/Day]","0.245","0.175","0.07","88","88888888","15033e39-d3ed-4892-b228-e25f6db22243","Yes"
"youtube","youtube-Czech","smmwiz","Czech Republic Traffic from YouTube [LQ]","0.238","0.17","0.06799999999999998","88","88888888","02f74a81-af3e-4dd4-a300-cde0ba07636e","No"
"youtube","youtube-🇵🇱Poland","jap","🇵🇱Poland Traffic from YouTube [No Refill] [Max: 1M] [Start Time: 12 Hours] [Speed: 10K/Day]","0.6125","0.4375","0.17500000000000004","500","1000000","01264cac-bf8d-4a6c-b113-a6e0455dd6e1","Yes"
"youtube","youtube-🇿🇦","smmwiz","🇿🇦 YouTube Social Shares [ South Africa ]","2.072","1.48","0.5920000000000001","100","100000","0e26af40-c2d5-4ea1-85c7-56628b94352a","No"
"youtube","youtube-🇵🇪","smmwiz","🇵🇪 YouTube Social Shares [ Peru ]","2.072","1.48","0.5920000000000001","50","10000","8595cbb4-67d3-48c1-a468-000ccd5414cf","No"
"youtube","youtube-🇽🇰","smmwiz","🇽🇰 YouTube Unique Viewers - Kosovo [TRU™ Titan - Targeted Real Users]","10.892","7.78","3.111999999999999","500","100000","fd94387b-509d-4541-9aa8-99c29439eb34","No"
"youtube","youtube-Likes","smmwiz","Youtube Live Stream Views + Likes [15 Minutes]","0.084","0.06","0.024000000000000007","50","5000000","639c6b82-9976-4593-ab48-94257e811a15","No"
"youtube","youtube-🇦🇴","smmwiz","🇦🇴 YouTube Social Shares [ Angola ]","2.072","1.48","0.5920000000000001","50","10000","421d955a-cea8-42c8-aa83-b436d63a68ac","No"
"youtube","youtube-🔺","smmwiz","🔺 Youtube Watchtime [1K = 1000 Hours] [Minimum 60 Minutes Video - R30] [ New speed 500/Day]","29.82","21.3","8.52","100","4000","56f1ec94-48be-4a8d-bd2e-15120701a577","No"
"youtube","youtube-Brazil","smmwiz","Brazil Traffic from YouTube [LQ]","0.238","0.17","0.06799999999999998","88","88888888","c1882bc5-3ede-42b5-a421-36c56898fa26","No"
"youtube","youtube-🇲🇾","smmwiz","🇲🇾 YouTube Social Shares [ Malaysia ]","2.072","1.48","0.5920000000000001","50","100000","a3d366e0-e09c-47c0-a54c-fac9854a1c24","No"
"youtube","youtube-🇭🇺","smmwiz","🇭🇺 YouTube Social Shares [ Hungary ]","2.072","1.48","0.5920000000000001","50","100000","2def933d-34c7-4297-956a-bf80d7f4ea49","No"
"youtube","youtube-🇰🇪","smmwiz","🇰🇪 YouTube Social Shares [ Kenya ]","2.072","1.48","0.5920000000000001","50","100000","5413d42b-3c7e-478a-aa1a-4f9cab76de3b","No"
"youtube","youtube-India","smmwiz","India Traffic from YouTube [LQ]","0.238","0.17","0.06799999999999998","88","88888888","16e27eec-57e2-4b1d-8598-bf6b4d373865","No"
"youtube","youtube-🇰🇷","smmwiz","🇰🇷 YouTube Social Shares [ South Korea ]","2.072","1.48","0.5920000000000001","50","100000","c0afa960-1ad0-48b5-99e0-b40c7b3f3322","No"
"youtube","youtube-🇨🇿Czech","jap","🇨🇿Czech Republic Traffic from YouTube [No Refill] [Max: 1M] [Start Time: 12 Hours] [Speed: 10K/Day]","0.6125","0.4375","0.17500000000000004","500","1000000","eaa3e894-edec-4e63-bb37-36adfdbece09","Yes"
"youtube","youtube-🇦🇿","smmwiz","🇦🇿 YouTube Unique Viewers - Azerbaijan [TRU™ Titan - Targeted Real Users]","10.892","7.78","3.111999999999999","500","100000","75a4ab2e-7b88-4741-bf3f-df85b8d34b3c","No"
"youtube","youtube-🇪🇬","smmwiz","🇪🇬 YouTube Social Shares [ Egypt ]","2.072","1.48","0.5920000000000001","50","100000","29626071-5499-43d4-bbd8-7401ad603950","No"
"youtube","youtube-🇸🇻","smmwiz","🇸🇻 YouTube Social Shares [ El Salvador ]","2.072","1.48","0.5920000000000001","50","10000","78dd37ab-3218-4f11-b764-4b272b753e6c","No"
"youtube","youtube-🇮🇩Indonesia","jap","🇮🇩Indonesia Traffic from YouTube [Refill: No] [Max: 1M] [Start Time: 12 Hours] [Speed: 10K/Day]","0.35","0.25","0.09999999999999998","100","1000000","8e57f14c-a420-4741-8272-b218c20f2408","Yes"
"youtube","youtube-🇨🇴","smmwiz","🇨🇴 YouTube Social Shares [ Colombia ]","2.072","1.48","0.5920000000000001","50","100000","458c1f4f-b740-447c-a876-8729531f3344","No"
"youtube","youtube-🇺🇦Ukraine","jap","🇺🇦Ukraine Traffic from YouTube [No Refill] [Max: 1M] [Start Time: 12 Hours] [Speed: 10K/Day]","0.6125","0.4375","0.17500000000000004","500","1000000","9e27b930-67d6-45d9-97ed-86dbe5afcec0","Yes"
"youtube","youtube-Views","smmwiz","Youtube Live Stream Views [15 Minutes]","0.056","0.04","0.016","50","50000","7003266f-27d8-4b2f-b94e-b6ff50853430","No"
"youtube","youtube-🇵🇾","smmwiz","🇵🇾 YouTube Social Shares [ Paraguay ]","2.072","1.48","0.5920000000000001","50","10000","9d7d8882-3275-4855-981f-5897df51c55d","No"
"youtube","youtube-🇲🇰","smmwiz","🇲🇰 YouTube Social Shares [ North Macedonia ]","2.072","1.48","0.5920000000000001","50","100000","4cb1dc48-69e7-4a34-bd3b-304f24cb3448","No"
"youtube","youtube-🇸🇬Singapore","jap","🇸🇬Singapore Traffic from YouTube [No Refill] [Max: 1M] [Start Time: 12 Hours] [Speed: 10K/Day]","0.6125","0.4375","0.17500000000000004","500","1000000","65a6cf42-dac0-468c-a5a8-171f0519d5f4","Yes"
"youtube","youtube-🇻🇳","smmwiz","🇻🇳 YouTube Social Shares [ Vietnam ]","2.072","1.48","0.5920000000000001","50","100000","6a44c415-c654-41ba-b76d-f3563e405ccd","No"
"youtube","youtube-Portugal","smmwiz","Portugal Traffic from YouTube","0.56","0.4","0.16000000000000003","500","1000000","96b7077b-8daf-434e-bdc9-b8911081e5f9","No"
"youtube","youtube-Romania","smmwiz","Romania Traffic from YouTube [LQ]","0.238","0.17","0.06799999999999998","88","88888888","9d71418c-c8b1-4d5e-8682-cefae2838b6b","No"
"youtube","youtube-🇳🇱","smmwiz","🇳🇱 YouTube Social Shares [ Netherlands ]","2.072","1.48","0.5920000000000001","50","100000","a6cdeecd-8a0a-4d53-a546-976a0f25cfa0","No"
"youtube","youtube-🇧🇬","smmwiz","🇧🇬 YouTube Social Shares [ Bulgaria ]","2.072","1.48","0.5920000000000001","50","100000","29454d35-8dde-4add-bb36-4f6ca2f60f33","No"
"youtube","youtube-🇹🇭Thailand","jap","🇹🇭Thailand Traffic from YouTube [No Refill] [Max: 1M] [Start Time: 12 Hours] [Speed: 10K/Day]","0.6125","0.4375","0.17500000000000004","500","1000000","be3554e6-94a2-4941-811f-1dd2e608f2c4","Yes"
"youtube","youtube-Russia","smmwiz","Russia Traffic from YouTube [LQ]","0.238","0.17","0.06799999999999998","88","88888888","9f6e6ace-996b-447f-93aa-a59fbbdd1f2d","No"
"youtube","youtube-🇹🇼Taiwan","jap","🇹🇼Taiwan Traffic from YouTube [No Refill] [Max: 1M] [Start Time: 12 Hours] [Speed: 10K/Day]","0.6125","0.4375","0.17500000000000004","500","1000000","3f375f01-1dd6-4c43-a130-a4713f5dff05","Yes"
"youtube","youtube-Canada","smmwiz","Canada Traffic from YouTube [LQ]","0.238","0.17","0.06799999999999998","88","88888888","ab0739ca-1aba-4a9a-91aa-08dff05f80c5","No"
"youtube","youtube-🇫🇮","smmwiz","🇫🇮 YouTube Unique Viewers - Finland [TRU™ Titan - Targeted Real Users]","10.892","7.78","3.111999999999999","500","100000","286d53f9-d7e0-46de-a0d5-fadfa73fe8fa","No"
"youtube","youtube-Argentina","smmwiz","Argentina Traffic from YouTube","0.56","0.4","0.16000000000000003","500","1000000","5f71cdc3-1688-4b7b-a1b7-b1aea143683c","No"
"youtube","youtube-🇦🇲","smmwiz","🇦🇲 YouTube Unique Viewers - Armenia [TRU™ Titan - Targeted Real Users]","10.892","7.78","3.111999999999999","500","100000","645540a4-7c62-494e-b7b5-5f789f069953","No"
"youtube","youtube-Ireland","smmwiz","Ireland Traffic from YouTube","0.56","0.4","0.16000000000000003","500","1000000","9b999768-4c22-4fde-826c-40f7a676fe18","No"
"youtube","youtube-🇹🇬","smmwiz","🇹🇬 YouTube Social Shares [ Togo ]","2.072","1.48","0.5920000000000001","50","10000","2de57107-c71e-438f-97ab-1d8f00ba506f","No"
"youtube","youtube-🇹🇭","smmwiz","🇹🇭 YouTube Social Shares [ Thailand ]","2.072","1.48","0.5920000000000001","50","100000","22b2d048-8a18-4be9-b0e6-f228e271bc74","No"
"youtube","youtube-USA","smmwiz","USA Traffic from YouTube [LQ]","0.238","0.17","0.06799999999999998","88","88888888","ebbbee4a-1938-4f9e-9a10-bedd2c12afdf","No"
"youtube","youtube-🇲🇦","smmwiz","🇲🇦 YouTube Social Shares [ Morocco ]","2.072","1.48","0.5920000000000001","50","100000","7a47ec6c-6707-41b5-92cb-5793de516b90","No"
"youtube","youtube-🇷🇸","smmwiz","🇷🇸 YouTube Social Shares [ Serbia ]","2.072","1.48","0.5920000000000001","50","100000","0fad7b51-d727-492a-915f-3c72d5c34994","No"
"youtube","youtube-🇮🇩","smmwiz","🇮🇩 YouTube Social Shares [ Indonesia ]","2.072","1.48","0.5920000000000001","50","100000","0e006abe-880a-4f9b-adbe-d1c16e236fde","No"
"youtube","youtube-Finland","smmwiz","Finland Traffic from YouTube","0.56","0.4","0.16000000000000003","500","1000000","e29e5ff0-17d5-491c-90ce-b1159fc02d13","No"
"youtube","youtube-▶️","smmwiz","▶️ Youtube View Native Ads | Min 100k | NON DROP | Speed 150-500k+/Day","1.162","0.83","0.33199999999999996","100000","50000000","c8298088-15e9-4fe9-a0c3-2def093411da","No"
"youtube","youtube-Poland","smmwiz","Poland Traffic from YouTube","0.56","0.4","0.16000000000000003","500","1000000","a47415a5-4f3e-4b79-b972-60034d2f27ea","No"
"youtube","youtube-🇮🇹","smmwiz","🇮🇹 YouTube Social Shares [ Italy ]","2.072","1.48","0.5920000000000001","50","100000","1c95768e-58b6-405c-80c1-918d3fb74b98","No"
"youtube","youtube-Moldova","smmwiz","Moldova Traffic from YouTube","0.77","0.55","0.21999999999999997","1000","1000000","004e57ee-e5da-4163-9dcd-3694a933347f","No"
"youtube","youtube-Mexico","smmwiz","Mexico Traffic from YouTube","0.56","0.4","0.16000000000000003","500","1000000","88e0be24-2ebb-40c1-9ecd-0b2d68ef98d8","No"
"youtube","youtube-🇩🇿","smmwiz","🇩🇿 YouTube Social Shares [ Algeria ]","2.072","1.48","0.5920000000000001","50","100000","20c5e675-edb4-4449-8e39-968fe03d5d6c","No"
"youtube","youtube-🇨🇱","smmwiz","🇨🇱 YouTube Social Shares [ Chile ]","2.072","1.48","0.5920000000000001","50","10000","c098ad28-f29d-4633-b0ce-1d5d70096def","No"
"youtube","youtube-🇨🇿","smmwiz","🇨🇿 YouTube Social Shares [ Czech Republic ]","2.072","1.48","0.5920000000000001","50","100000","adb71fe5-dcd7-4a64-b3ca-f4cb1ff080ff","No"
"youtube","youtube-Hong","smmwiz","Hong Kong Traffic from YouTube","0.56","0.4","0.16000000000000003","500","1000000","a8411390-5e41-49c8-880f-c180580e3060","No"
"youtube","youtube-Singapore","smmwiz","Singapore Traffic from YouTube","0.56","0.4","0.16000000000000003","500","1000000","ca5dc96c-0818-4943-8f9c-d38573282a14","No"
"youtube","youtube-France","smmwiz","France Traffic from YouTube [LQ]","0.238","0.17","0.06799999999999998","88","88888888","c45b1a4f-be85-416b-aee6-8bc8eef0a5dc","No"
"youtube","youtube-Sweden","smmwiz","Sweden Traffic from YouTube","0.77","0.55","0.21999999999999997","1000","1000000","05cf60f9-fb72-431b-86a0-224f0d273282","No"
"youtube","youtube-Pakistan","smmwiz","Pakistan Traffic from YouTube [LQ]","0.238","0.17","0.06799999999999998","88","88888888","344b90fe-9f31-4588-9f6a-44c7dfcfdba6","No"
"youtube","youtube-🇨🇦","smmwiz","🇨🇦 YouTube Social Shares [ Canada ]","2.072","1.48","0.5920000000000001","50","100000","3ac7c6e6-96da-439a-941d-5f6d1fe793e0","No"
"youtube","youtube-🇵🇱","smmwiz","🇵🇱 YouTube Social Shares [ Poland ]","2.072","1.48","0.5920000000000001","50","100000","5cf8a723-c07a-435c-91c8-04df65693745","No"
"youtube","youtube-🇷🇺Russia","jap","🇷🇺Russia Traffic from YouTube [No Refill] [Max: 1M] [Start Time: 12 Hours] [Speed: 10K/Day]","0.6125","0.4375","0.17500000000000004","500","1000000","085c99c6-d53f-43a2-98b3-c008b38df278","Yes"
"youtube","youtube-🇹🇼","smmwiz","🇹🇼 YouTube Social Shares [ Taiwan ]","2.072","1.48","0.5920000000000001","50","100000","00312edd-ac5c-4441-b9e6-7f1b7453b63c","No"
"youtube","youtube-🇲🇽Mexico","jap","🇲🇽Mexico Traffic from YouTube [No Refill] [Max: 1M] [Start Time: 12 Hours] [Speed: 10K/Day]","0.6125","0.4375","0.17500000000000004","500","1000000","8be297ed-2641-4f06-8191-3de1d39f6857","Yes"
"youtube","youtube-Italy","smmwiz","Italy Traffic from YouTube [LQ]","0.238","0.17","0.06799999999999998","88","88888888","36d19c9c-13b4-410c-87b1-e3a62ba98d48","No"
"youtube","youtube-🇳🇵","smmwiz","🇳🇵 YouTube Social Shares [ Nepal ]","2.072","1.48","0.5920000000000001","50","10000","4f821e99-9637-4ad2-a2a1-d0db1cc9aa76","No"
"youtube","youtube-🇺🇸USA","jap","🇺🇸USA Traffic from YouTube [Refill: No] [Max: 1M] [Start Time: 0 - 12 Hours] [Speed: 10K/Day] 💧","0.245","0.175","0.07","88","88888888","8a3c9c75-a6bc-421f-8a72-31d37ff389fe","Yes"
"youtube","youtube-🇵🇭","smmwiz","🇵🇭 YouTube Social Shares [ Philippines ]","2.072","1.48","0.5920000000000001","50","100000","c36b18f1-fc52-4a02-9968-b8e3507b5ed6","No"
"youtube","youtube-Switzerland","smmwiz","Switzerland Traffic from YouTube","0.882","0.63","0.252","1000","1000000","7b355c52-afff-44b2-b3f9-e9cc2d930488","No"
"youtube","youtube-🇸🇳","smmwiz","🇸🇳 YouTube Social Shares [ Senegal ]","2.072","1.48","0.5920000000000001","50","10000","7573ae32-c6d7-409f-8b39-d9316925541e","No"
"youtube","youtube-🇮🇷","smmwiz","🇮🇷 YouTube Social Shares [ Iran ]","2.072","1.48","0.5920000000000001","50","100000","80726dae-f1bb-4c3f-a9ad-156223378501","No"
"youtube","youtube-🇬🇧","smmwiz","🇬🇧 YouTube Social Shares [ UK ]","2.072","1.48","0.5920000000000001","50","100000","924946c9-9942-4334-ad9e-5425ff82f09a","No"
"youtube","youtube-🇵🇹","smmwiz","🇵🇹 YouTube Social Shares [ Portugal ]","2.072","1.48","0.5920000000000001","50","100000","2a867ea8-5406-4bc1-a2af-576567cc3657","No"
"youtube","youtube-🇬🇹","smmwiz","🇬🇹 YouTube Social Shares [ Guatemala ]","2.072","1.48","0.5920000000000001","50","10000","7a897788-1237-4613-b9d5-e3bc8ce7ecac","No"
"youtube","youtube-🇭🇷","smmwiz","🇭🇷 YouTube Social Shares [ Croatia ]","2.072","1.48","0.5920000000000001","100","100000","761ccb05-9407-4649-9f53-141ffacbcbd2","No"
"youtube","youtube-Allinone","smmwiz","All-in-one Youtube (without a subscription)","68.88","49.2","19.679999999999993","50","5000","ec6351a0-6edf-44bf-a799-5c96f8538af8","No"
